id,predicted
329273,113.41824
133046,143.59064
960346,182.9215
727148,87.58187
162411,106.12205
549402,318.5106
113051,144.23297
568162,67.11608
743215,234.7681
239662,111.98902
763984,198.26181
975459,65.49659
729196,187.57274
803990,370.52527
805679,52.456055
449487,77.0728
177712,97.1257
652485,159.382
340139,162.79211
621863,125.019875
546215,50.627567
218241,73.75147
718252,188.4188
552147,69.36389
409475,53.604736
401992,137.92023
752755,52.97112
341149,18.222622
182029,231.59192
224937,96.11416
135997,106.83837
863056,121.46871
814726,77.51426
738398,73.27253
359096,152.3857
506425,121.38232
881246,102.99575
440996,146.18954
798683,125.63508
822315,126.48815
756681,68.75113
987888,581.1462
860961,18.051306
568375,104.169
537031,157.25778
971568,153.81667
285401,620.51074
883240,70.87929
978876,66.356445
522559,130.82068
446379,71.1961
879514,63.43746
686303,277.81128
501790,109.83337
169184,164.64842
762864,288.80783
394415,83.59053
693818,139.75671
357791,226.35165
950901,64.83753
921363,351.91245
315923,64.71844
216877,110.310936
691181,174.96661
822481,46.196213
195442,79.71516
531290,176.14838
818439,179.23586
160087,209.67747
126810,145.61829
800459,220.39757
114956,40.983845
725056,57.814926
845503,243.81075
643464,49.884277
263388,48.970436
875070,92.185326
722445,108.24395
378060,118.511765
428130,47.775585
665374,71.77466
290306,156.40666
363180,68.14654
667442,59.885525
591096,79.5049
864419,282.26538
379584,143.88312
341237,215.5721
502766,77.559166
848231,140.15071
682708,183.45416
581563,146.1292
433264,249.9103
506461,53.63039
943058,129.95111
635031,124.1055
635393,271.4417
415443,128.10712
545561,85.926636
686421,135.50853
678939,101.94313
217544,514.3628
124195,134.95403
260064,250.78221
108655,211.7411
936006,136.06215
397498,741.4077
461188,131.37663
268125,99.09012
568413,148.3885
370680,326.1417
187530,164.98018
753433,91.54211
748185,80.84328
121887,138.18466
476943,137.62689
556666,93.19344
689288,83.35751
151097,164.32063
189883,107.6369
387127,72.29618
599575,361.0524
657754,78.544685
836817,128.1214
481934,147.3226
213789,84.89433
653404,330.0647
789095,110.16968
440493,85.37694
616853,79.58509
727562,251.58127
644559,237.81255
324985,91.19969
734985,104.59668
587442,44.797073
460020,101.59188
866589,107.16601
863178,116.72648
122527,500.1035
986251,418.92606
505678,148.93065
638731,53.545547
885224,83.778786
820214,92.351654
727453,248.98787
506388,144.47362
464616,221.6688
630245,41.40104
401253,83.92582
413477,57.753624
127274,358.74847
656906,107.07182
163170,141.03511
850986,90.23148
471533,270.36313
683305,121.71674
561059,123.88931
616507,407.5412
139198,71.88989
644962,76.081696
453948,87.2131
829887,257.2561
882638,57.107872
238953,70.09708
557115,183.47766
660322,96.53945
503525,154.37457
479933,153.80057
170980,113.14501
797224,1257.833
189210,159.16397
917034,218.3873
956865,120.416725
633391,91.55093
774002,41.230907
473624,123.983444
975741,152.42387
838807,67.310295
672234,120.18565
174566,132.49359
543461,191.71324
673389,109.51814
628956,94.36681
574578,230.89745
101508,197.58455
687233,125.40667
359492,568.90295
656621,88.62592
686205,121.30397
320094,122.34823
714058,56.64781
689704,133.3188
743402,132.4129
150343,82.62715
518700,148.39697
330944,105.93602
244172,76.38072
187294,322.63052
458287,122.63848
117584,48.902775
543873,188.11618
200458,145.26796
439559,33.23609
120106,198.35419
979155,49.007824
906040,862.8781
569439,88.85164
409331,77.8163
387244,131.62025
614508,154.70024
250441,275.84332
439801,85.021645
205264,124.626595
477069,156.75072
992713,65.4512
990489,186.41582
842529,162.23245
137750,123.67202
883016,302.64026
155134,176.91287
967741,551.8187
490169,54.38213
520780,386.89044
304788,690.4057
955374,108.78386
524757,121.125175
373404,84.17722
772558,168.49129
305733,126.44159
404310,152.26134
498450,116.28842
664729,113.87351
740366,100.09732
384405,177.23708
783725,294.03674
871320,88.5095
630826,171.72372
346569,111.383934
575546,220.5562
952137,56.871147
643985,79.37269
620538,102.7439
105656,74.99072
559267,89.74019
832674,144.0904
414953,117.16718
658999,119.97601
807012,157.99397
252331,112.91952
797109,85.879105
610448,79.48214
400414,205.05756
389513,292.14752
248468,83.95211
127913,54.97252
369315,130.04874
149810,65.13437
615530,66.369484
724512,127.86522
140633,124.428345
346774,94.551254
588643,86.347626
494183,73.71677
885743,60.54826
199749,125.4599
511570,118.3015
511619,94.92665
739360,73.79807
132490,114.91517
629771,508.6813
767457,166.04007
259073,171.89932
460771,61.74932
463649,94.31131
854895,111.41475
207520,101.91614
771622,104.24485
388045,222.12294
259233,99.12229
853348,144.03871
330635,199.60403
917709,52.80433
212429,269.50635
309124,115.918434
877320,49.256603
510758,550.92633
788045,100.38959
497492,64.3741
271583,72.24265
475531,135.42336
232760,183.09189
214753,107.76332
919258,324.3533
357949,181.35625
712599,39.73339
721529,132.3168
645517,527.90466
211497,171.40314
486739,63.32489
732783,55.156315
479106,46.18569
108511,235.87343
851739,798.20435
329136,75.14818
126045,94.52998
496394,119.42591
818276,215.54546
870921,586.9244
676463,125.62457
274835,124.540596
341471,233.57852
187537,108.92141
460554,187.88187
263552,98.87877
839239,131.43048
148453,110.74169
615510,149.27457
524110,81.33703
623800,233.36107
336805,115.438675
928619,88.2671
893479,86.7255
183748,104.34688
798412,170.83913
887969,198.66603
378435,168.4769
815458,383.7335
866327,131.27309
382419,70.055695
361154,73.458374
710190,105.214745
969496,154.50406
388178,136.72188
538473,161.95349
220021,254.95984
361691,590.18396
123895,127.09318
967337,37.15566
254631,38.800552
349091,121.35851
137692,152.36069
294984,520.98505
306828,176.43843
546508,126.911896
777089,82.289444
397661,406.37482
652460,107.84545
728609,75.67073
644133,80.25738
614211,150.11925
680535,100.7786
249025,126.64308
210667,54.142624
624430,69.17625
595158,222.1588
728344,198.38841
129368,40.861244
224654,391.76456
727900,98.71569
495757,95.353264
102103,806.0577
171163,118.9317
123974,147.03426
250937,81.88833
832240,109.24792
174032,106.567825
718511,313.62872
445148,149.03842
549674,70.29687
816561,57.32515
336899,119.59727
851079,127.48664
898340,89.006744
192493,495.0002
528251,156.68259
350811,122.76878
313428,132.85341
578347,121.166824
967769,145.7759
162887,454.7587
615969,98.70138
874843,350.22626
460240,134.31877
188995,158.72032
249755,142.21164
752615,72.55138
964596,151.22723
338598,175.7733
501366,166.18494
236084,154.51067
962556,208.32854
327882,170.44717
873476,114.66886
517902,165.9492
484170,1129.9818
245962,85.56554
703984,310.1888
563790,99.83941
370192,106.3521
244937,222.48221
354025,185.77321
492075,161.015
908547,205.55562
593339,129.56117
132865,88.964226
352805,179.50119
866073,109.33437
981579,80.01117
698412,233.15776
509919,130.7914
728404,83.8672
918583,127.41014
142598,116.87151
748669,100.78748
849805,94.70287
854612,166.91708
653854,139.37392
171115,100.36991
215338,123.29486
282460,117.26809
623146,42.79483
525303,117.78387
710333,99.106445
723025,176.34032
915198,605.31964
219351,126.37191
974806,126.051994
127439,124.114265
545917,323.88248
604503,104.36969
872111,253.12518
902296,197.871
122117,119.51231
311771,64.60709
153747,121.289566
700394,112.07417
679132,87.40962
945515,327.22308
576627,110.0743
971541,138.3936
634739,41.960625
730245,153.04207
222424,284.16013
331421,175.3092
779494,114.54764
869093,140.32648
410756,107.533714
870991,63.08905
245791,142.55869
221660,364.38632
893587,145.38895
796133,73.85502
446996,98.50276
265128,115.604416
451141,55.30244
937273,102.21519
980099,87.14847
178198,103.90585
399001,124.950905
615721,254.40085
639839,51.95065
770421,193.54588
556434,230.7195
556802,194.8611
960891,200.57805
462890,99.38747
914213,85.153984
978734,88.72247
253275,57.9357
377673,139.84164
518316,106.76954
374419,543.3778
431290,134.81194
665390,77.50786
478340,163.35385
154693,995.4288
674452,86.513885
996690,93.51004
690816,107.13326
988625,59.694355
211247,234.64479
239840,140.15616
213741,771.58325
145685,127.214355
967654,86.70292
424169,74.63536
523226,117.74009
844826,142.00705
145789,118.05861
126114,113.22205
887225,118.9988
873560,323.72076
216178,112.36268
979156,215.49858
599039,143.39131
636960,170.51054
929735,165.20789
206893,114.481155
582435,490.985
684099,239.7169
206043,197.07689
953405,85.27
759612,229.57465
798857,109.166985
699625,95.17865
329028,100.579865
450007,176.83467
328665,160.02347
824155,161.40305
421705,76.55748
855282,127.31062
127237,115.66215
203462,43.50495
555303,42.137146
336351,108.71671
771018,107.02885
303265,104.68615
854673,115.66048
555549,162.02228
616867,145.01312
258951,70.406555
375956,173.33891
677509,32.69428
855617,168.01343
621967,252.9424
152043,79.16669
386199,151.87405
801399,68.04621
155972,120.06523
838656,98.84582
665177,178.05066
249000,173.07683
103185,43.678883
189391,160.64221
345597,48.534866
297864,89.86142
563254,78.14115
782950,157.94136
437622,112.69756
414748,99.29169
788637,180.85469
957811,154.3625
530766,40.79056
124289,120.56057
739807,65.59607
581098,148.35025
302304,632.2379
861825,515.5341
792029,115.981
937168,508.49225
192926,62.62039
713028,121.98223
980723,268.08618
308175,203.93393
730075,179.39261
565893,202.57468
852583,213.5247
980750,160.07545
725135,184.0123
619255,308.68677
987744,118.34708
365846,45.717278
758039,84.59484
837730,881.7255
713272,98.520226
209033,229.65579
452753,178.67929
265521,73.77443
771218,87.38939
712978,584.0727
439942,104.04245
546916,211.30615
599832,150.2881
985162,150.26517
496361,59.581097
200340,112.97027
479649,140.7971
894512,208.72429
618810,70.62023
315196,91.40929
149028,262.3696
706627,130.00658
385363,94.48198
454455,123.68243
242900,217.69595
716914,42.334675
416956,120.11079
176979,83.52449
905782,113.26476
997190,162.97935
164227,44.3968
688196,52.44893
203975,59.33237
868223,69.60747
411395,183.95645
409577,40.370884
314117,191.7137
552483,151.29999
429508,151.3151
687195,441.1721
755758,187.60628
490045,124.67836
862459,106.05806
452312,37.06325
988234,231.916
470937,184.8297
695063,97.531136
743830,72.51845
505306,186.46489
740612,101.56786
816788,322.41348
448856,71.68234
888770,71.000824
641615,560.70966
502244,57.804382
625363,128.90584
376018,480.02744
126964,163.70972
948049,149.26933
828013,68.45376
919964,82.88751
409721,144.7214
709786,121.33663
743158,179.93222
665142,165.2946
243061,55.177525
372431,73.14136
485096,159.98523
858733,239.35367
854050,364.63016
476292,163.0531
712910,164.9801
437480,142.03044
259388,134.28471
990758,174.33174
676577,397.444
836994,97.06008
837761,161.20052
931558,132.00365
996321,182.10193
708080,149.48015
205859,113.04197
881221,71.756996
787157,118.770485
623678,132.78027
409394,198.86978
281077,192.16423
265347,186.85727
503917,179.80182
738780,125.45936
500583,172.41876
376418,106.17252
598151,241.18588
192161,95.41481
211226,87.534706
902184,167.03403
686521,133.94492
670534,170.06549
130599,177.96454
620063,168.71158
858661,184.05632
114136,138.36623
677824,148.6543
226701,114.47972
496538,178.83546
999729,60.14344
274144,50.881683
893395,58.944096
220494,130.8696
200455,101.83299
593729,196.51006
320434,135.76282
794028,108.19755
440272,98.97998
495660,298.3544
626411,171.78204
283380,42.010555
512166,52.62399
193514,51.846085
571901,86.82679
285076,148.44728
442794,98.95472
991236,54.904663
442635,51.192055
473629,51.77473
700083,125.54429
804501,199.4129
524312,368.90002
770876,36.72523
854114,220.77806
515111,139.8368
651819,44.521786
886026,165.60382
994292,152.80441
855464,209.00117
667201,61.295155
853873,222.40433
664886,103.39984
540285,153.55887
200446,233.4156
384618,45.698315
804678,179.70624
991238,144.5662
244619,60.573414
261591,95.89671
743058,157.06079
471231,92.10111
667469,103.499504
704089,235.68115
741750,90.933655
709577,125.241264
491446,43.351402
223698,260.16705
190546,65.22575
581148,192.01414
329285,54.379093
161545,114.37185
917221,614.1883
515871,127.631134
591972,42.73997
630066,47.869267
848432,49.047005
766226,103.45163
635444,46.742527
418465,62.310535
433735,57.959198
327724,47.540527
786337,102.14247
369092,265.8156
850615,47.26249
127384,243.45251
764427,85.56607
249961,54.923298
792199,39.515747
222820,99.660065
849105,215.55154
940070,121.36079
787604,178.00644
161919,168.79018
842154,208.56233
367494,203.53268
955159,363.35406
809056,170.1345
709762,45.282867
724790,64.57913
339531,184.38028
102675,72.576454
285718,124.457535
416175,197.48921
577887,175.46135
615804,185.25604
375927,53.984062
881054,46.879635
936752,63.798985
769482,115.57945
501918,149.12488
293970,117.09627
586488,47.50743
459051,95.65136
518516,147.48232
548838,136.43106
310639,138.25383
236615,54.311954
629351,52.121517
822435,105.69856
469656,162.75517
466490,105.800674
232880,353.82507
262605,185.91469
278775,275.11044
947364,46.70798
533886,47.67966
380417,183.43439
342468,47.30986
699814,76.19634
373951,65.74435
325252,160.14568
682799,201.54483
815046,49.249832
238980,210.5998
220310,54.53175
203421,79.9817
453928,494.07254
352211,635.7973
390590,374.6576
727941,199.38004
827701,348.0265
956371,143.18828
771004,95.11556
432377,159.5518
415532,91.31438
898987,47.538815
437208,53.25238
462074,47.533306
991625,80.92691
333518,86.4682
919416,186.1182
925827,168.41405
532735,137.84566
684879,468.06735
539043,188.24013
432585,47.944046
583051,155.4898
697608,136.67598
105178,150.10045
845378,88.33932
936609,473.71674
686163,390.11224
990276,78.230034
828973,474.02493
465524,261.92114
451936,248.3041
253018,229.5543
361296,106.819756
574154,163.10764
974861,158.51611
278273,261.30878
526846,81.02166
197627,131.20001
585943,60.2872
381787,54.6651
146166,52.973965
183086,204.25499
661862,245.6206
852174,97.88244
993039,117.40995
312809,51.306614
270110,46.843338
927157,294.80222
680979,180.69035
220989,94.454895
424108,256.91693
160830,151.8433
351779,145.07106
736704,109.91864
548706,226.42235
783889,237.72305
408458,324.25696
571022,185.3152
117979,353.26666
996426,59.839844
468726,264.4765
402282,288.84335
392696,172.92848
237860,166.29434
740419,183.22343
657084,156.50816
386954,168.25352
705923,113.27108
889581,193.0392
504042,136.31859
199530,242.84247
250329,215.00414
525883,52.766373
888820,103.17845
780130,188.51366
262076,219.97643
540871,159.57523
734435,177.90251
390220,112.25289
527542,103.113396
979592,248.09947
772011,175.68776
657342,132.68915
832336,102.401245
939534,94.62172
462901,620.2559
784289,1196.3531
609734,138.5612
756625,103.47987
488160,88.825
751897,215.37206
411750,75.87313
823961,44.47818
392054,49.836563
945742,311.79953
669579,1176.6533
226402,43.110657
980378,39.642216
534283,275.3739
190570,456.6348
685155,159.3463
420327,115.86442
317452,38.833797
510507,288.04892
475380,38.555897
539233,32.322536
392309,155.89673
804181,49.95531
662496,73.087746
231266,243.90578
990100,55.797356
887326,57.65937
486258,68.56151
156187,254.86723
795796,60.102024
576615,58.95473
616805,186.70953
494906,103.35132
343126,157.254
855670,170.69096
814240,165.2694
705782,91.315125
786934,175.82716
182692,287.36966
936647,276.94513
967234,162.12227
802446,164.33174
186364,161.6191
156388,119.182335
431122,148.78995
577206,232.08676
515400,154.091
497134,111.72608
756979,200.67967
720658,215.98225
591395,198.9735
903143,96.62102
436705,239.70164
655833,93.638565
889530,282.3805
974350,244.0338
555402,94.325035
709146,199.08844
320189,58.92869
534194,81.5714
209559,218.70973
599881,118.432755
470716,63.954468
743115,116.15276
441503,195.99791
814999,106.08772
772905,134.6002
327472,254.27191
437686,197.59988
390824,337.38406
969282,116.9432
203872,86.59576
512270,131.56746
386596,272.7233
958078,115.42951
842268,152.95013
895347,64.49822
480592,181.38763
293053,154.7578
343886,134.99124
437333,93.1366
577621,517.91
207707,304.64288
896901,50.27805
658519,47.04021
359892,295.4064
226896,108.11948
750930,161.17763
107814,156.64522
418146,333.7451
240390,59.78388
410478,240.00783
238076,45.339664
508876,138.21532
534250,105.4985
202281,291.59296
961707,66.21604
760717,111.56634
118695,118.996346
414226,83.197685
835701,205.27344
331115,49.631634
812735,167.44998
802092,126.05629
164414,120.09993
117468,56.4476
336459,141.01662
863561,161.44193
888427,131.3421
742947,464.45877
484645,176.1107
777245,251.2759
921833,56.600468
976224,282.5028
759144,51.73217
700425,165.24997
216119,79.88842
356759,163.41757
269959,47.49538
645134,130.20131
472022,209.54984
655923,102.42344
654608,163.68082
235308,225.72266
819502,574.96954
460254,92.75748
456521,116.945724
343655,143.67926
793477,121.49902
309094,297.49106
751734,182.87862
547393,121.90601
265187,137.73329
233044,215.47495
445657,47.333755
648859,153.07219
681398,158.03256
158621,101.46183
783778,94.27991
609640,95.088715
492080,156.55211
726456,204.44652
515674,115.26408
242189,155.03247
722199,83.58545
328857,151.72733
590126,140.40117
626069,120.57101
806108,402.23416
427970,254.49074
585377,34.083767
588267,98.60511
443352,92.76575
886860,150.95564
839797,129.64432
793342,158.72208
912414,226.76431
664316,420.25974
746314,181.72696
856635,232.5036
955951,105.1913
834781,90.40253
938462,116.71536
330811,179.60477
753554,169.39328
801782,128.11974
280911,237.88725
927327,102.696266
265330,67.100494
414630,148.23471
886698,157.12833
455449,32.79603
604176,94.26959
278433,132.59413
461633,277.67184
580075,106.857704
450184,70.204994
626950,161.07126
600390,70.04058
783457,73.96193
427112,160.30511
489509,176.17262
542239,171.142
165733,185.41704
472480,33.495823
819329,441.8475
328893,340.36133
106170,141.59816
249487,215.03822
329827,124.24308
790182,134.91858
577801,253.19197
462717,120.02598
292142,118.52157
232015,91.07435
913360,262.47208
834139,131.41905
131632,280.1436
885205,141.84418
940788,126.11471
513797,57.1217
886709,236.39018
804621,202.32526
257568,125.40582
888608,128.53539
885235,92.40161
230113,256.304
122686,210.14987
563679,175.71228
820063,68.09558
357500,213.70982
483519,117.56335
473854,73.61949
833368,125.832504
479293,131.12848
129994,201.30391
403463,139.23402
924886,244.06161
383462,269.926
378597,169.62485
531861,186.11159
355539,225.8308
945537,161.43697
565237,209.55957
468647,99.92099
327787,141.0557
299149,181.89206
244535,231.27516
567333,164.61461
601535,142.27072
550134,110.051
887943,189.2211
853642,261.67014
682514,303.47974
403486,303.35013
775358,73.08202
641986,127.08475
137839,329.11932
741513,224.9357
813684,28.235538
708632,289.76334
869443,213.28648
246917,82.835686
211350,56.86916
895527,66.9254
593241,123.65579
299571,124.864815
792223,123.43309
978247,71.940094
839170,421.67627
721363,214.45091
758807,130.86891
111788,274.41183
929307,319.17172
577072,134.94716
763402,229.39429
490375,76.19119
146595,140.09451
160128,214.79845
798814,255.98444
372527,212.83809
656148,159.08144
479051,151.15315
986257,107.36673
127353,145.87076
716528,51.245342
228351,167.91908
804652,227.93405
890127,152.65538
656224,458.0055
848179,156.64943
410996,33.378677
618643,56.008152
299529,118.46089
464316,183.1638
551486,252.17404
230858,135.82178
394078,133.97298
307494,42.685394
318698,256.53168
148144,85.9244
488497,215.31088
889356,147.06242
442307,31.044022
833902,37.85553
713929,105.90584
307053,144.06238
739564,524.1407
914280,52.841133
356437,519.05835
518820,133.59064
386295,224.97577
185133,84.47497
690652,156.85796
814204,80.78491
433922,72.3906
986387,177.67233
880693,159.94624
352242,105.72161
226125,41.073074
146266,204.3998
680084,165.21216
343047,143.2245
509819,254.59042
346281,107.63758
395999,74.87171
766252,171.24693
555282,48.025806
260836,126.07011
291185,360.82803
590994,69.758865
448158,296.44775
199691,244.14401
648538,48.184025
331439,548.8873
247621,120.7148
357003,242.60272
271267,77.95216
643117,105.81977
817868,196.35077
398738,104.26423
287582,39.57364
331660,65.14909
271949,321.53625
471050,204.21204
756703,288.35535
970738,290.93365
122354,238.80154
316418,262.78397
897013,323.14172
266685,195.72972
527847,146.14828
218993,206.24257
318879,208.59772
703958,234.33847
195620,207.85216
946708,107.17194
312295,221.10497
317306,100.208595
681316,78.98826
230758,94.64881
769370,568.8152
771733,229.31125
470714,292.4776
577891,86.075775
905267,183.22835
311708,107.37784
757179,107.25982
467430,126.85488
872028,253.79703
455526,242.66383
684778,117.23031
488059,60.67626
353740,64.26406
431249,265.53384
196055,158.35434
397693,530.264
471400,195.08893
117935,186.82915
992803,167.88847
657132,89.93229
776193,122.27185
850213,159.72491
963040,106.32195
685943,157.8771
844027,35.96087
283003,91.21002
462034,284.8148
338912,210.64944
580161,505.6797
295237,215.936
633386,459.38843
463035,131.03156
757152,35.80136
308407,59.249832
691786,131.25952
781866,89.27224
102301,156.53761
275860,127.54559
277483,387.24
162367,42.516968
468257,107.43713
565212,63.17443
991674,86.72872
484444,246.2495
711102,74.649826
479853,125.64637
631345,164.02882
869661,74.18061
598791,133.8802
451429,194.4767
667842,123.263626
336283,235.8679
183425,182.28685
460227,235.97997
664633,229.78716
784938,98.926216
890806,50.318947
180577,178.12427
477117,104.26729
502762,106.66363
921056,110.48835
678857,158.44753
660106,189.69199
136147,128.29582
703739,89.79442
335811,90.94194
331640,430.38187
222329,165.78172
343772,144.28978
986961,238.45532
526461,145.80963
314201,93.676926
119623,79.43507
781060,75.69595
527688,1134.6644
502460,163.1906
367049,97.71439
239976,232.1458
856419,123.43072
235041,319.75577
396631,189.0492
839057,203.12611
452494,221.794
896126,276.0772
285991,115.458725
704119,275.25293
352856,110.17874
187987,174.51158
957138,89.38781
897653,306.19736
717288,113.74032
313847,113.05252
713953,272.19507
458337,120.7984
437252,90.65846
873089,263.0136
924110,157.93628
906437,148.85281
969191,165.73106
142736,157.85127
832728,82.06733
202608,195.08678
920226,149.07298
701826,176.33786
834577,139.62656
819983,200.8388
451610,101.94927
686756,282.1965
240032,66.760185
976997,90.941765
883047,340.20657
804266,115.42924
900425,199.29024
341075,223.01834
749041,148.82866
211613,192.3005
832750,179.42418
921365,167.2262
272253,233.42902
161456,293.13943
139911,178.81274
513644,118.341896
153207,69.96979
339020,149.09352
855565,109.74165
125225,92.58694
838769,237.1028
181794,153.80122
770233,112.04431
480907,114.99673
151586,85.342094
102627,138.72289
657641,216.86754
475084,326.91602
361627,210.1111
331955,131.91273
158383,213.51979
338178,209.10364
767349,118.78271
186399,268.81238
430048,161.46315
931869,204.19266
703491,141.76743
329230,96.15483
184048,4006.551
611858,90.10511
836603,115.267296
782401,65.571655
377198,227.18652
105079,219.17863
751372,82.83149
364831,143.58229
467427,118.382935
366976,138.68018
318531,176.93918
673178,79.736404
529538,81.562546
553957,80.66605
203370,468.63333
694555,176.1139
355045,164.30612
728029,370.56335
317968,55.917812
677667,169.805
772204,182.25339
694857,461.9628
596208,173.45717
578089,174.35406
153419,167.66684
690265,230.40347
782202,189.21094
126625,124.40251
850842,43.890873
530400,231.18945
951265,150.37369
942700,198.7886
875856,356.46976
392985,160.02716
138979,63.286068
892094,120.304985
595688,103.733864
635839,61.044003
932952,102.82669
257141,258.96832
887453,166.75645
653804,149.6901
767032,193.29344
266741,254.7605
577195,243.73242
524480,251.78249
285244,191.32272
846323,87.04634
315585,167.62526
590364,162.17976
816890,148.20882
831375,451.3174
227781,437.24222
230014,353.66083
828418,127.13172
551562,195.29053
550106,55.138374
732261,170.47064
275866,532.4247
810869,120.53188
714085,107.035286
573107,155.54938
407048,166.36743
424238,96.88312
129266,149.81792
975839,104.48134
552699,70.37738
328690,135.38426
579059,292.8435
341749,143.91925
644859,107.64219
411195,160.87755
573952,100.46053
775302,159.81291
385970,128.08951
929352,190.70187
542943,111.304596
153467,194.17632
218807,97.23268
354951,341.03946
939300,109.75137
555671,68.3261
883728,42.384865
795725,236.86948
262865,193.5417
298818,74.798805
690243,104.49502
272926,115.46111
529646,129.14503
571506,54.669346
918676,382.09818
444029,133.86464
321314,46.376358
813105,512.8897
223492,178.78325
418386,48.540596
180737,26.681684
503080,134.58812
916620,105.716835
183688,397.15076
480384,84.74158
343079,160.57039
876211,80.47123
148163,183.30875
591152,38.72972
893483,271.52878
853184,207.6115
193772,147.51064
777393,60.64304
133871,140.50539
957291,178.47173
962967,200.74075
380966,105.06408
419140,83.40857
536617,162.75322
869689,119.46697
797940,185.50534
461415,89.57052
711025,282.99518
408153,155.0184
787993,105.2799
664344,610.3554
153251,153.38585
476506,80.061134
918484,136.67073
828997,49.683205
569873,183.30313
191781,116.83408
248327,1501.5687
252506,161.43945
637986,112.372086
677754,145.62982
438688,144.03734
450263,64.0369
736428,70.17665
235994,121.93286
703645,176.48862
715477,57.43965
451382,193.06049
866986,107.88999
265402,311.65668
530977,185.80617
942068,406.59088
954146,102.4481
369657,213.16228
207930,182.60481
412208,46.60698
665560,110.515305
556635,1907.6165
439475,84.14311
629544,559.4359
113881,143.46272
968905,156.38062
144243,47.5584
100602,155.86388
479330,157.11794
617028,45.854343
989855,155.40955
784336,115.310936
411391,178.5058
147144,298.0501
718401,176.46068
124379,393.72055
447670,76.65962
536257,586.61383
951200,90.558685
568737,104.619194
548053,152.4609
105017,2204.4126
361192,32.07388
759368,141.4267
496039,168.01367
714317,72.80661
650329,239.46211
257318,113.43483
541109,191.63745
352663,130.2227
256562,84.819984
865273,175.19113
375844,125.27889
722600,141.15591
951190,96.85395
720149,1446.7905
709490,87.108376
285838,143.4185
756279,180.21922
674252,184.65645
162444,268.01178
602517,148.1113
615019,166.12038
951372,311.82178
244531,167.02257
449538,136.55798
794240,162.39848
534636,228.96657
970763,195.30943
805890,243.37698
310324,89.391945
180757,111.89149
471532,236.63911
553396,184.27661
331824,42.568367
482291,139.46678
146396,251.46712
163537,105.42874
122125,172.56552
421122,592.14105
680880,143.2677
287538,45.51715
730441,124.02558
978599,115.05924
618041,145.97101
552485,113.61356
840122,481.26257
771786,114.06912
426759,109.417114
992990,106.61102
795015,222.70888
584607,113.48444
154310,41.385098
366537,105.295715
886098,214.70544
881690,38.90418
116553,374.4144
506968,87.52761
126583,118.205284
101648,231.33453
504901,93.397125
606251,103.4095
828283,205.60547
543335,343.9005
516313,137.65796
493198,190.65717
786942,91.11905
490222,172.6575
112263,177.384
629016,156.76201
320092,247.59991
539423,244.73785
586882,119.74382
307304,274.2501
449203,150.64172
558760,155.16489
843949,154.3494
682609,249.34586
913994,43.41702
386243,50.4651
241620,114.750465
562322,89.306816
186993,188.415
116072,66.079
243675,133.07462
364337,201.68289
665781,144.6798
259068,57.454254
354882,136.75458
469548,628.06396
764862,314.01123
672958,81.31132
267771,137.35356
710097,133.25087
753291,233.94547
807495,392.6963
350804,117.551926
641456,55.373386
787288,329.77625
409127,113.35917
705573,165.88998
377683,51.26104
901706,136.02556
105447,306.94153
595507,221.41528
782827,116.785324
148781,106.06265
618139,212.88928
661738,195.0134
393553,162.27924
197794,218.39452
793559,68.45567
526752,82.5503
475849,334.80295
154841,233.36475
352441,244.45303
156555,146.54166
340318,183.63791
407011,182.14882
784555,159.36694
880124,154.01256
214751,420.34793
542839,104.20843
225205,475.10184
571932,160.92262
500015,239.91144
319857,147.90532
212193,161.61398
597823,154.38318
289961,268.34512
156607,227.47047
160590,409.7095
991961,134.77199
722058,104.322365
808689,102.56522
764538,573.37415
604789,46.060745
856440,154.78178
240962,31.850117
220481,497.0823
605852,116.553314
663002,208.36108
734695,233.99062
785638,258.041
122088,477.63943
830054,139.59444
806590,477.61548
107299,260.0366
764079,565.2688
544224,922.58936
525882,91.424576
385564,41.879784
729305,128.58191
425746,126.61679
775987,108.23744
821037,197.65009
420786,159.21751
583619,237.944
821891,142.05377
174615,276.87543
823555,248.92386
565629,160.83177
383267,428.43747
620922,129.02185
718616,531.6187
872746,155.72504
177313,133.72748
387601,142.7823
746037,380.66196
988997,269.91412
257643,273.02914
379974,142.64586
230737,682.0519
693085,85.52967
933439,36.490616
392128,103.05264
192723,90.26242
541093,124.85275
200837,334.19214
442723,165.23776
891249,130.48026
923461,83.60917
705439,36.7041
329918,149.38776
874947,135.00706
340262,266.33203
702155,463.4843
260659,77.91911
826052,148.72911
830395,135.61513
160299,185.84662
569082,84.27118
821418,216.56575
372092,332.1951
782003,135.734
510214,49.310238
432167,125.6489
295131,143.44426
800542,161.45866
621511,96.372574
493473,206.15425
466386,126.451256
854966,122.26885
275111,67.84137
400838,113.18448
994914,187.41545
832672,224.39154
976464,34.665615
723852,39.32032
783183,47.506897
828554,164.3278
782037,70.8154
913423,53.212143
285920,48.507793
700773,182.25635
409328,127.045296
530124,105.80144
916773,156.04837
553500,111.58636
984386,96.49639
169509,105.279495
605334,158.5327
734099,128.49579
870432,216.69568
192004,214.5804
751147,198.05971
447219,43.32729
174221,173.94633
236939,299.1069
425899,119.3009
697064,207.55133
894818,278.9933
223853,390.9638
516777,33.779633
576260,91.761986
287579,144.6452
974933,260.5417
141431,116.60265
118432,211.1137
136560,42.208893
691709,795.29504
944220,231.87424
892750,477.10474
880452,142.933
225715,32.047928
521547,63.063877
999381,60.854122
789889,157.04753
103210,114.66649
147930,803.8034
359268,823.19995
173686,823.19995
399674,815.7766
650215,815.7766
500779,174.8418
984876,88.515724
100601,520.1944
790080,126.076836
308754,46.27236
306996,266.0311
692712,101.03288
840245,53.60044
933742,76.9001
394488,294.94162
686300,596.4731
750353,85.944046
773842,79.49891
345735,63.7241
101080,262.24728
533482,113.76522
473785,225.26387
402216,156.14238
519916,247.02754
200972,207.98605
596316,233.20824
267029,174.71541
689588,240.52968
884943,660.145
857445,85.70545
902029,123.28822
726572,121.828156
360935,531.0963
166951,85.01381
126113,375.3328
958968,122.62369
322535,81.71922
730314,123.15814
312923,202.30713
825835,133.49121
834458,90.82802
128572,49.044403
114254,34.411324
363219,102.52088
822367,120.474174
783842,213.85208
861959,117.01019
280076,118.08881
622404,107.83123
681635,170.1336
892577,39.844215
982496,111.61954
250885,248.43489
475418,184.569
146173,231.23552
557460,296.416
562433,307.9674
822464,469.05432
990410,118.608574
214243,138.49774
239441,168.0855
484288,37.83619
439611,51.09345
307558,139.60992
499664,214.45462
594306,119.33756
107698,93.88564
158107,106.69346
729129,243.63791
568798,184.29446
898743,219.39313
120612,296.81818
188261,58.18146
764684,274.20035
302034,57.26019
185573,174.08478
675919,40.137833
988523,189.46352
606261,169.27008
446867,449.6397
106402,132.75642
188054,184.76122
927130,275.8226
228021,111.04037
646968,483.9322
614428,594.2959
712960,311.70798
536862,140.00049
329072,171.41112
644078,46.380535
367176,47.58026
229771,47.090244
181194,155.34735
608069,90.61939
415884,76.47975
543403,108.53966
103493,81.0402
407341,163.82796
411115,34.01941
281113,98.52293
948735,108.25448
152196,135.45906
103642,167.82011
423232,189.69534
112031,69.05105
443166,176.23083
534498,176.06029
625997,83.236725
887479,119.58738
506575,200.79358
784513,171.5422
983892,478.51755
177156,229.9524
282331,38.14941
231984,38.32307
103293,180.35391
417377,309.4106
961008,79.33904
432215,95.26454
647142,144.44691
623775,295.71524
803538,42.41634
162905,36.070034
580618,163.75693
622659,124.15323
458872,78.787384
969147,147.98473
572767,222.58443
824912,190.98315
697208,70.59394
609371,208.85313
206462,163.41562
905665,125.544174
419616,113.30907
726907,178.91472
966075,47.973797
896141,111.92072
291786,16.854202
860140,221.36916
470347,269.9428
241152,96.77942
349822,100.64047
428347,154.40918
404458,80.5513
534407,130.33601
592292,21.918346
462089,211.61191
825561,103.01152
607299,577.0022
374756,94.79368
962318,79.72543
918089,149.83984
144868,54.011703
258633,145.42595
393157,156.86412
500610,184.27892
239856,161.29027
594540,43.79414
685372,239.16922
562196,151.92612
707341,96.81159
637461,341.4143
701809,340.02194
539159,98.538826
955928,167.66145
633059,336.7531
250365,166.78918
898730,480.55505
470707,148.53888
441213,87.785065
498431,120.165375
146331,61.919712
791573,127.92625
283272,123.323425
710404,138.38742
686001,313.3032
313727,76.101654
144391,192.12112
558386,58.022827
415309,70.07616
633063,249.85263
961437,411.80426
508253,618.3753
117852,164.27625
212030,91.647316
882262,161.77278
891889,81.143036
213848,296.12454
849017,98.1104
387384,337.28357
391275,232.22507
303609,260.46548
221474,126.83915
761762,114.16902
367001,397.57947
437176,153.62071
319999,150.75912
429877,386.22772
276988,85.562355
358181,145.51772
240168,57.15217
258538,493.93753
198161,144.46321
433706,33.427513
343080,186.58006
634187,513.2498
935669,129.72333
261958,141.02928
834424,90.9768
200187,247.2784
500251,66.60286
757651,166.6211
575454,238.12807
827488,104.45383
209641,93.274506
482244,196.01463
699217,231.51152
892781,184.86859
149236,69.037384
470362,118.38942
531963,216.18442
798223,290.71725
554808,184.86859
628198,175.04433
115942,115.037994
845611,78.48167
169859,184.86859
264747,991.9417
861805,104.79611
523049,177.619
238650,165.63219
521427,194.5455
245006,242.95937
867355,190.5901
939107,244.1875
916388,269.51627
246707,290.65036
351101,269.51627
795762,112.94446
625733,248.02477
784622,160.70566
845792,57.671707
691640,57.02268
142324,120.96706
498471,33.82228
345602,38.849976
238780,36.987686
680607,98.9529
547399,213.97353
206657,81.89853
967202,71.30114
256206,39.118347
567955,99.58589
698752,289.17953
885681,540.72644
717691,104.074165
573407,220.74634
530310,120.1202
900366,110.782295
710177,381.1345
592974,193.39594
930397,724.5447
324367,120.87468
872667,100.553665
394333,261.34744
273183,84.06743
724598,99.500404
176428,101.01688
123978,162.62148
293827,275.99966
282010,51.882763
771255,236.7664
134893,180.68178
202761,188.5208
853190,117.7931
570141,179.9626
358816,101.46437
526823,123.60504
247141,44.585453
178979,149.73451
243851,132.14566
647844,112.16042
136910,197.67084
442922,100.44399
313123,107.4843
768559,75.91398
574496,93.39465
424160,88.771904
536268,82.472534
534183,86.28451
178106,75.43091
619134,125.849686
171089,253.07309
618165,87.505455
595656,175.62753
718734,181.2741
866331,268.41833
799768,38.05769
991318,146.92326
878569,125.85525
520061,117.49728
946904,117.22191
642005,1967.0638
657009,196.66786
414729,125.82217
647446,70.549706
838058,86.653336
518434,205.22859
582963,205.0549
675351,260.74692
746097,83.3031
548257,87.800644
650609,165.00536
913791,83.747826
756421,418.16104
714412,300.15997
879525,397.59888
172935,99.97529
635718,120.1745
543581,115.22849
564336,258.67197
679115,649.84436
175800,202.74074
406071,100.09983
229427,138.97641
502476,200.92949
454119,248.66241
399942,185.56741
839557,231.54912
691759,79.41658
355304,106.718315
704003,1264.3682
719429,130.77663
653384,110.19868
465961,536.8017
564419,147.93109
563109,169.70786
235646,250.42288
416802,173.23329
392789,38.45473
928491,72.13049
999026,276.97482
352166,161.70457
187172,161.96631
492216,121.7511
467107,300.79984
585918,184.81294
134977,220.07655
839165,150.81036
330025,113.63882
416884,100.669075
550435,114.42709
368963,173.76382
280785,274.41354
911106,77.45143
121652,205.03712
394045,136.92442
387743,185.61253
804230,328.2181
864900,515.4531
396552,51.29256
863651,99.57515
200495,150.5614
171102,247.04185
577379,272.54587
762653,58.628624
277114,108.08561
352363,221.41655
550714,78.92062
679271,223.74396
558455,198.46191
156514,125.809586
164272,121.872734
646473,103.153015
335038,102.15797
947655,115.055374
393636,93.272255
655708,123.061386
615301,113.65675
579225,48.970375
380177,152.30614
692285,148.03838
411814,183.42699
771933,422.2559
288369,63.630527
545411,742.89636
256558,56.937496
484696,685.50555
692251,159.24953
613283,207.821
609025,202.99767
235013,203.3391
461919,87.68077
201162,96.093605
547605,185.3415
251621,72.606705
517285,200.8491
121591,87.13976
548210,123.712395
451670,137.59991
631880,165.54355
898783,108.44949
512328,46.335224
457335,81.9073
376230,214.80852
453207,78.19702
678812,151.86218
816450,2224.6614
246691,55.360058
334898,145.35042
448660,225.14394
996104,87.41687
223378,230.3738
941128,159.54039
560040,96.05727
281613,103.8955
438642,115.46022
594920,117.14437
314335,183.52164
530960,195.99425
941914,169.70898
709433,144.12589
614177,70.97309
524621,89.628975
362473,216.4047
130480,238.39801
269519,201.6625
309178,69.612144
187054,111.46574
353774,132.42065
386814,234.13365
851251,233.11098
455177,382.17636
585332,719.8458
946846,729.2327
213831,747.08246
283061,819.6423
477148,790.27344
432815,153.87337
833240,157.11658
407296,874.06793
294055,1223.6831
266558,97.64772
113966,95.802315
303996,114.415924
106797,106.49706
294425,155.17107
181237,343.92813
171602,195.31926
728780,942.11194
514362,126.688614
354461,98.88463
116772,144.88416
231800,63.844482
865120,256.85214
238387,52.368034
252044,94.633896
221018,199.9505
801848,107.89498
872322,102.978096
137712,103.23704
246188,114.532104
885153,120.64598
101532,39.606514
668991,163.6104
701042,708.04877
299048,59.131294
626518,93.01534
165747,120.081856
297270,225.27974
767961,54.953922
278067,119.00315
240156,95.00952
909780,101.2582
587042,199.54837
749283,84.342125
176509,99.93394
936541,69.97537
699416,333.3445
870138,116.232956
170700,100.55303
759429,147.91824
945530,113.61466
699409,289.3373
932754,107.79673
413375,43.749603
311950,101.60621
303782,127.16417
263594,116.751686
392576,115.16793
595528,38.368256
484505,616.982
392835,114.22483
233971,32.5174
252091,24.472942
246531,159.69954
889991,68.503784
987794,104.74674
420597,41.169754
220407,120.47556
991423,239.69568
621344,184.24966
515818,137.75578
533393,156.74825
584859,737.4587
395393,147.20898
937613,100.90355
663260,102.823425
978446,126.20105
633742,229.66899
548578,90.49056
848285,99.21577
582772,98.918594
552408,360.94418
492168,181.47481
791211,154.547
773369,221.5948
602752,66.94373
637597,121.54962
273512,96.94937
512858,49.54267
341042,160.4852
828507,201.54851
526271,62.39899
321196,115.77552
363145,174.98851
336096,96.563126
754118,120.824715
618546,441.97464
389900,519.296
123977,163.13025
374473,1606.8501
637906,1511.2731
397047,142.05984
152874,114.32366
394873,224.26614
366176,63.42582
235835,60.19031
104314,121.89992
999777,191.46796
874905,65.86594
841424,1928.1809
454143,121.96505
522318,179.08252
904364,132.04558
240798,171.50749
989647,113.84388
925247,221.34518
234929,239.63268
610732,273.65198
432880,112.24782
786118,116.22501
680019,122.59887
661237,173.7279
347344,55.118195
631011,67.28336
973382,139.61026
998191,38.73665
642647,168.07396
130100,92.930115
456356,282.59772
992584,152.09093
501854,359.29077
195043,312.43274
578319,115.36208
790292,145.47755
935605,120.39218
337726,264.3398
979407,64.32384
944526,184.71072
340624,99.09456
214335,156.45651
507036,152.31345
712228,69.1961
520328,130.41031
693573,122.63323
795992,178.27646
316532,250.82724
291753,153.74123
811451,95.4406
326573,250.49626
289946,250.9889
938200,416.94122
144256,153.08057
171730,158.27382
236418,62.570843
650667,258.61563
521424,225.94623
131252,255.06764
471073,308.64618
944335,206.1912
729661,296.60196
528452,140.97314
629573,29.966867
752904,142.67648
238329,215.67653
520034,263.71805
343380,157.6891
378457,158.95683
239083,153.0143
297698,415.9567
343587,70.31547
725230,70.83677
740064,139.84526
481217,196.68945
118101,118.59425
845026,257.62234
418065,123.64248
157503,134.06511
490281,436.6475
752247,69.215645
182882,137.81885
950286,142.11757
240297,311.0026
202556,239.67593
495787,107.03395
121676,107.074036
425464,61.227016
274785,84.30006
124400,361.05862
659878,64.26011
444462,103.77183
779017,255.00977
371521,354.0053
645171,46.713238
708331,273.51108
602707,216.59366
659728,243.40962
757189,243.81622
689372,431.8962
748725,26.15955
391989,173.3691
685618,317.00644
589249,348.13004
525968,293.216
304628,357.4071
545455,214.66698
186574,176.35696
574638,73.11379
960861,310.33618
495574,266.3398
164313,231.6709
179681,242.07408
316324,287.83426
662008,207.58783
225653,138.6887
540179,111.184326
205811,152.78769
155393,210.43056
643292,175.48584
928493,98.17781
326099,123.5533
991022,67.02656
768284,171.51144
111929,364.041
983054,407.0897
810908,144.8158
315990,86.950005
132299,139.22574
219308,128.90677
129557,124.70089
132024,315.0206
263916,318.6561
917082,129.14311
383716,440.58737
248013,362.55905
769040,179.9694
346213,68.317276
715796,290.4385
757105,39.255405
973552,577.3399
528700,59.455368
626400,39.239853
833688,160.67235
888659,678.3217
977944,59.290325
498799,153.67897
523027,28.22225
278152,297.09094
555018,176.68219
901933,131.11758
454773,108.55094
272056,49.67861
569797,96.6497
552270,227.18674
432744,34.2693
237520,197.09465
367727,95.19163
258483,119.12688
487008,250.53345
975613,236.301
763460,379.71097
325439,92.65136
540788,97.31918
904903,439.66437
815289,217.59367
833416,120.621445
857018,145.10971
217653,90.822945
302565,132.80746
628457,54.760605
877443,63.540264
942615,172.36998
245807,136.30267
424852,146.83617
992312,158.22188
564459,141.95627
108127,546.2472
582322,128.42888
298318,173.91855
547753,363.99103
688511,77.41044
211341,63.29812
131627,184.97879
917797,98.36891
312578,54.884167
717243,46.479145
741522,306.1086
291003,118.99274
377787,48.037266
317290,1965.2891
593454,40.514835
934688,60.688732
522439,123.77045
806418,135.56563
660647,144.23949
426950,173.31058
176536,157.68411
694071,85.92075
447266,72.55088
801868,170.55905
418725,142.58957
755097,179.68417
733155,66.69017
108074,59.735756
694951,124.35869
892604,129.20395
574295,102.44105
856883,73.785736
456098,149.8162
331973,130.92361
697105,36.35872
663987,112.809845
561840,68.22166
606180,105.96152
219746,102.71649
912466,196.17516
627381,140.48662
632693,94.19857
633438,237.60982
614743,248.55838
824521,158.20093
311130,142.24333
664857,173.66835
936296,140.20914
984468,205.55199
374424,103.79241
915995,117.892784
248406,150.40842
454068,37.47224
838624,159.36052
350620,534.6289
887150,166.72511
620203,143.63786
328068,30.50946
292050,191.71498
662074,103.16777
156416,75.68532
954246,91.005226
258913,56.463547
943931,304.02338
169344,78.64454
236521,58.735428
802937,155.02673
176659,113.41464
929918,103.19196
252316,187.89249
226067,107.47778
175215,223.48851
632920,295.2692
273794,296.55386
872364,309.87662
849486,538.042
931309,1165.671
714141,106.578445
682398,110.366516
148556,139.17487
920095,79.05438
899855,226.23286
536972,90.29598
534474,140.57928
616720,42.48101
704580,112.14057
213397,196.08322
281490,252.13445
220204,82.289085
393208,106.433266
191193,305.70514
945754,57.060677
748665,94.62979
183886,234.63165
856831,90.161644
327816,202.24655
264460,96.89913
125906,89.65456
242026,107.48016
926894,176.6046
196969,88.28017
297465,66.118324
467538,75.27697
330513,117.620514
512517,219.2134
507542,116.43202
129200,219.38136
239627,263.29816
840734,103.576515
223401,227.80255
678468,192.63243
837112,125.41993
274978,200.6792
963042,223.05904
144617,90.342705
569837,39.80849
724690,104.13977
995726,200.95337
849656,104.79738
464463,157.08249
650986,96.123375
647861,53.533726
493653,49.1374
572337,179.12125
701850,39.29665
886186,39.664574
832591,126.01219
447426,141.16133
681822,224.76855
149723,113.164825
558330,111.71103
776650,200.18472
715484,266.77344
404558,166.20271
553543,118.48316
540448,88.44733
685641,112.88726
531087,80.09508
427358,39.97969
930198,63.537586
468428,62.076252
926336,56.62022
675479,56.475662
745143,56.475662
615421,59.360226
334962,61.894787
410261,205.10747
136025,57.175213
467819,63.93508
258281,45.90718
609563,130.77467
878244,190.23979
177936,192.60999
234034,190.23979
880404,88.577896
644860,190.01396
380058,52.09613
561766,110.7029
207460,187.65648
881288,60.70368
209383,58.107346
590750,81.25129
400068,57.702347
420172,52.876278
703915,52.563576
212897,234.48395
348993,339.91333
549833,165.39867
788792,102.17189
668262,104.90095
631248,105.72533
300394,139.92528
218420,137.11198
963126,132.04228
961581,368.3158
772701,130.15533
386533,24.02265
292742,121.019066
753067,131.33592
637234,498.51416
475840,181.26062
754068,109.67018
334116,49.971275
928690,288.8746
949949,392.01877
886256,1048.6595
552341,296.0101
745192,307.68793
689538,647.9772
372817,195.53366
605280,998.7741
573424,103.980415
629876,162.78087
250172,118.44306
620597,112.81722
390406,377.87082
578814,120.396
407255,91.59882
353662,80.5003
259575,119.09177
805910,198.62395
302105,143.08263
384880,99.45427
439420,71.60818
224391,198.58322
481583,313.25015
643564,414.74466
838953,100.38872
874463,161.91534
185412,212.85216
851054,93.528786
756589,117.87895
645035,234.31332
892787,328.74066
601309,74.94862
573012,32.987583
711500,175.14828
497212,125.19841
825394,171.73311
145675,119.06577
760807,276.55643
898777,235.20007
357862,110.11859
207937,267.31793
866153,48.36892
257485,549.3458
697808,51.090862
282415,56.930508
610658,510.9431
225823,80.96161
763018,537.2779
149439,197.63124
639228,98.64111
709562,212.94803
867788,181.52058
174475,231.93121
677409,103.202896
182513,84.55526
660358,101.71734
414345,78.316444
573902,153.45056
500442,114.749306
441424,98.59167
306861,94.52538
394258,45.38681
154823,183.03677
709779,178.14119
314459,161.18544
254467,187.21278
220819,79.14417
858984,133.36415
109819,85.04334
792820,152.49611
595838,51.884766
887490,51.517796
559662,106.26655
917050,53.894627
458575,62.323307
565353,275.7714
449892,429.55084
744883,59.877453
726424,102.82639
757334,55.1217
420723,52.66909
488152,51.063053
612763,160.99445
127113,214.26022
464380,639.47595
555746,275.67084
271125,155.45273
912579,72.759186
814833,30.082302
962924,99.23178
703097,49.090324
774015,54.624504
464295,324.1706
449503,57.473545
166318,26.975327
229923,117.97609
314618,54.059387
725780,213.23816
175780,246.5927
762101,265.02228
986692,640.67914
668805,125.9514
133167,205.96872
563042,65.22042
965569,85.87335
980547,64.94851
893997,62.66889
497227,238.24681
509763,129.82672
979969,222.07976
842593,363.33322
653336,363.12274
429069,455.21597
751826,275.44495
609757,92.15733
322201,122.67209
292934,78.862335
412611,134.9578
980847,209.37541
256962,221.15804
591196,78.29168
965828,119.71907
721772,114.81258
599572,145.99904
205534,151.9103
332470,25.023626
235016,262.97675
283331,85.447105
343691,53.76322
375601,88.14174
562368,39.34331
804116,439.7619
261588,394.028
874298,137.35283
652434,70.031876
627743,134.24286
264938,94.218414
878609,73.348076
266507,126.871895
568065,65.1678
467724,31.541922
892138,186.75232
496644,162.21533
548946,153.2147
656036,81.77335
802735,60.32877
557583,332.29825
844489,140.95683
305495,183.27756
286207,1710.3468
541262,133.31125
591599,254.89285
827698,195.27696
927513,142.55048
750149,145.7188
306873,151.2809
709460,343.57602
188075,153.29128
884552,294.01172
250231,213.21988
761089,47.663635
708170,47.549637
802599,152.06627
790529,36.087433
625573,200.08815
263649,163.12845
524066,138.81099
352331,193.79633
541345,116.7828
789145,120.01323
566616,165.698
446399,27.556126
849802,171.30008
135877,34.36351
628148,77.960976
435909,81.433945
309027,71.75752
444538,76.848595
498791,33.915134
910174,63.013798
360280,100.63214
178642,231.09558
846633,104.4295
871134,84.07133
181582,58.156185
244417,193.1334
117001,189.6078
622192,158.59822
712199,222.6033
533857,83.201584
194320,206.88957
904154,160.00726
463806,194.69055
397630,271.77435
789577,253.75974
772641,139.22661
314892,123.49327
419519,80.5387
505773,74.114105
389109,35.536636
457315,188.23598
401794,120.81507
226264,51.40674
566070,199.33932
421985,103.69886
606093,64.07633
198827,129.63142
242091,162.28741
832214,70.81036
180446,108.08696
609918,255.02515
583597,49.871735
818517,224.13138
432067,72.64897
348925,195.22708
650114,670.0383
908632,153.15059
243095,202.10413
654361,44.15333
208038,81.699936
424867,115.65363
703983,68.77721
361603,96.57453
549282,114.75361
144400,163.74782
199074,165.54688
465210,67.830734
151352,172.35162
629807,256.7185
543840,246.3601
588112,83.622406
598932,167.59254
596922,110.902664
838072,170.0849
911545,170.3947
100539,169.5597
561115,57.51611
333408,91.928406
529490,84.51607
891162,202.90158
805350,101.08121
988988,169.14857
823253,51.473377
701532,51.473377
391431,51.473377
963410,152.13628
815524,298.3323
768546,171.73335
766415,43.031918
722922,41.66438
749496,43.031918
288208,40.97664
293682,47.716583
927916,183.00105
907524,176.06552
608835,66.26009
677502,127.17272
474220,84.218094
711852,111.1938
647463,75.8223
186533,144.15903
569198,136.59552
500392,70.98672
705823,74.311646
871096,165.21074
341437,64.67727
297095,72.64897
514247,86.6016
695870,176.81076
368636,99.312294
697054,248.7909
724745,49.45278
675981,179.57445
689177,196.22517
727019,31.620876
510478,155.64876
699299,173.79057
333883,111.26299
929872,31.221811
967044,170.03041
139030,188.43343
869296,86.742905
739617,229.0962
885727,251.89594
716839,95.12891
375128,465.05618
208160,175.74161
849825,69.333565
408985,153.93777
543892,224.19064
715739,111.41416
278964,188.24536
269679,104.43719
794350,162.94011
321373,242.55626
939918,270.22034
219035,169.01297
735110,39.858788
801506,122.52958
761470,66.302185
692048,52.89339
865637,55.415634
633128,148.62404
125403,350.26447
671406,32.04763
459143,258.7641
135451,178.78093
694854,203.51709
655332,173.75648
580890,41.281574
334110,41.18689
533776,39.2789
457623,173.30933
705996,37.403214
241216,43.708473
451092,143.42795
811445,68.830696
487529,132.21425
158947,115.562004
161176,59.334988
339644,49.020584
928185,236.97568
449535,36.06163
280592,172.96556
685396,79.57003
118845,168.29025
920384,68.439354
857680,152.15547
604570,202.71976
987713,177.4558
895348,176.5941
879441,94.276276
146731,124.62299
241918,114.231094
187682,208.18575
981494,272.51508
647796,1200.2831
171201,87.6979
776360,144.91226
296514,173.48987
414096,97.08257
109806,116.00304
398723,177.63612
926546,263.87802
298267,199.72047
519241,143.88754
545963,200.54095
846141,124.74592
237723,35.701077
394553,183.39146
929371,63.233364
746894,145.4839
415531,431.1838
559052,67.881065
361115,235.46547
269289,198.30713
698961,160.53458
124811,405.9015
777266,149.79756
887934,178.17032
329389,58.667816
977566,31.136896
493401,52.930088
827373,53.21501
321729,153.3888
449894,74.8691
176553,163.03596
298057,96.469246
827563,1045.7765
416113,41.39647
169290,72.205154
845349,378.78787
259037,56.226772
618815,48.11955
454684,53.54305
808079,115.00204
750934,183.30779
141304,193.88264
238017,133.72856
912717,114.26578
110602,181.66302
367768,231.99799
364492,346.42282
305379,337.64944
492964,264.94135
656002,133.29594
661023,97.51976
243300,44.320114
358690,215.76756
913764,43.902905
505228,106.44515
924108,352.996
363472,167.46388
512199,52.7938
248557,52.18794
601796,283.58255
396219,58.810276
785728,208.58533
917009,71.11831
700904,154.3791
717171,74.01131
593224,93.2111
486132,106.41354
906021,63.162193
604571,92.60051
745599,88.05252
549696,58.67439
832631,106.723915
834789,169.88498
244119,174.91711
273903,95.097694
601346,117.04239
823426,67.896835
333634,104.4303
301694,133.43266
609841,55.46459
246510,60.968872
381695,97.5943
931965,126.67473
935766,83.18721
636987,59.165024
927605,77.46396
275786,108.99891
191823,90.62415
128048,95.30618
288393,102.76685
222798,68.88609
792357,97.379776
333206,81.88272
746546,88.34179
676499,82.12589
490481,94.18532
832146,153.07762
613637,25.573503
528106,97.12678
374537,111.4859
983938,168.96167
303992,78.53445
624734,50.63381
591653,98.938515
760351,190.71548
441961,78.39114
483768,130.42314
156612,86.37766
465649,94.900856
957873,110.236176
964274,93.28705
985602,141.07791
793380,66.98272
604815,121.28822
251271,181.89957
377213,120.39299
112499,85.363754
704790,128.47073
922785,91.28656
120860,85.17741
332033,133.1179
833154,87.67718
846045,104.1326
100355,211.43608
900459,99.78831
812234,126.82245
756993,67.84534
304869,70.9942
850891,128.7627
331916,79.54199
243046,66.07722
397976,53.46964
967548,149.36502
429479,113.16406
617268,167.78696
895906,98.405685
150063,78.816956
853645,84.55175
704393,97.64824
934210,44.690094
903044,69.32649
149907,90.592964
481596,181.4762
302667,89.332184
895393,89.09391
471009,93.20238
971789,91.10337
487831,81.94744
687387,154.84152
540633,88.062035
751049,143.51964
373336,195.11633
257411,186.70496
983477,140.5701
647779,72.83762
935917,85.94343
185238,80.419075
724714,117.51558
244350,108.000854
258496,87.65371
523342,84.3983
117410,116.96558
682213,60.26993
791150,83.15907
100046,242.04372
887462,114.36794
333033,101.651726
492309,186.93289
707063,191.56259
688256,94.04246
278586,135.44463
792287,154.52742
847506,79.81128
267599,70.37956
256931,72.99998
238300,104.23452
697769,150.9602
912098,90.72382
581676,137.0944
176800,77.93601
287632,84.69539
360850,112.590324
788383,122.36429
128858,97.72918
972597,76.33985
461485,140.80164
134307,113.09163
986560,247.02872
439665,295.55045
236266,127.60004
438741,275.04556
761808,112.54591
158229,161.83403
894733,104.69693
822910,77.79675
196327,119.06583
947890,95.3892
479091,100.61586
490466,106.38282
259784,113.15116
533655,122.333466
978505,91.34145
782273,93.11299
686645,213.68556
113837,134.32239
547945,93.61817
345945,82.90895
388385,89.630875
455275,61.686817
885755,138.1763
775489,241.5571
734480,67.63756
376282,78.06085
195486,107.635506
835910,138.99257
124703,223.61508
756938,118.1484
744606,169.23695
859507,105.757904
203574,103.47858
995149,66.7357
621763,139.6393
166732,77.35131
555421,200.70699
588533,166.81943
619777,125.14902
172194,109.00022
285248,93.764824
352522,147.46767
920245,92.39885
995646,586.22705
420481,74.9854
465911,115.54616
323310,110.750854
977644,120.284164
750877,109.09305
143950,137.07518
909239,84.08642
873126,91.13579
505828,103.72343
463805,71.844025
224407,137.58644
955239,225.89873
776786,101.30215
190969,82.35841
963355,99.69012
376203,33.286163
237202,122.66679
387088,63.570183
195380,110.24084
371699,106.647354
390233,45.911575
991942,187.0064
106415,33.318523
529509,149.71712
318853,63.528355
967595,184.76245
561180,186.43843
212102,78.558075
449528,253.65941
736882,172.00389
880153,131.00334
699903,95.655
418124,97.04479
459329,89.389275
516189,576.83655
665707,89.87746
493679,160.52687
288761,88.861115
112081,496.74234
594325,623.1391
167823,202.84929
330519,114.62861
338276,74.867584
746545,147.62633
637674,95.67897
855613,195.55925
265535,129.14014
345605,109.94017
644190,155.88423
953760,106.53623
792655,143.23021
166270,200.75124
211765,123.07907
787542,166.80238
387214,231.70586
683111,216.50684
805173,113.34161
791172,88.04908
981146,124.747475
646721,279.25964
832369,112.844475
488138,102.20328
498492,680.67487
682135,85.16557
736662,92.030556
183729,198.4447
740579,278.36328
896370,201.21393
397576,120.837204
670976,266.2734
443356,205.79736
354840,208.14087
989491,237.59492
607762,182.74197
308721,104.30469
355542,76.115
444880,182.35896
655569,242.8584
923424,144.8366
605144,66.46284
543610,116.32383
703208,73.63533
688960,89.67047
170381,90.407845
510666,113.9653
577196,318.09857
990008,244.75296
145023,222.4724
751499,127.12317
857131,158.61649
997254,104.16544
777563,100.51353
679753,114.354515
901985,117.88082
725707,111.05869
959017,109.98213
651297,166.07431
516879,78.86462
360242,127.366005
482065,28.784756
531856,69.72284
888044,86.017334
656994,102.36738
932793,143.2609
786649,53.33038
975060,29.756819
638088,113.04447
420145,116.21429
934536,115.24207
434943,171.66566
229729,87.623825
619899,128.48135
700807,105.64287
830595,90.807396
563240,84.489235
874379,132.5297
462994,136.85196
737960,197.27524
324132,171.62779
365571,99.84888
157179,236.16423
802179,81.9442
185028,79.2229
793089,70.73592
876672,86.95474
883269,172.60931
451701,93.74806
817411,89.87295
835463,99.59045
837574,214.99672
859405,154.79901
616222,114.5326
781586,88.09287
754166,205.7459
960149,271.18396
830561,100.37513
157311,205.97415
884800,153.83415
340671,111.58496
768527,144.99522
234918,71.2398
541146,125.06915
892356,138.3075
604499,199.31058
938033,90.56118
818743,192.44978
895731,55.788795
284904,86.68531
326542,86.398415
413357,103.60659
789102,84.957146
182216,79.79179
751410,97.730446
920570,181.53355
726727,208.83752
528773,68.303
853701,86.28941
898745,93.81897
864110,176.96039
951729,102.04273
401134,190.1922
558965,147.62328
714048,107.035034
175933,160.36328
681442,175.63309
993258,148.01698
151377,86.07897
652937,95.009796
481460,101.52835
142613,106.813484
620237,195.3673
445904,169.43465
105735,94.19975
928162,64.59033
791449,331.46457
505978,201.04092
602544,52.67184
225916,102.104904
759026,131.79314
309927,175.05423
267221,289.13248
250187,91.04915
877391,70.28181
873933,223.26384
413121,218.95282
483992,189.46071
140489,285.21863
149391,103.1704
993790,211.80544
145304,318.34515
127370,138.61691
928016,214.86894
488039,131.73596
656460,104.3934
844622,84.27659
314388,76.0066
404611,119.760345
745099,262.53983
270527,127.162155
806600,141.8928
601554,99.7564
554769,122.39059
533855,334.56284
415346,128.24097
986691,367.89023
366357,78.73201
830707,146.62682
647535,27.294456
675909,27.078585
647571,118.53513
437434,95.180115
767403,246.00685
625687,177.1154
370975,235.42432
773731,242.14189
937312,92.99252
952802,70.24137
153298,174.11067
727758,330.88422
984692,132.28351
963723,85.37632
117982,206.81375
357295,115.72196
478050,228.80455
541352,181.1878
688940,85.69557
606769,109.95789
628135,307.99997
579796,100.773895
984155,177.67804
708844,148.09424
348965,118.12669
888998,108.03069
746571,164.59526
295743,235.68431
715347,65.57985
164256,127.15384
320304,44.209885
274401,70.28459
342006,126.71096
842150,161.85585
113355,344.27667
340655,143.92313
674332,160.16827
838128,275.0961
707396,89.99366
522430,228.76794
929684,93.09917
725205,247.27307
110047,270.9821
479602,232.12334
897008,76.34033
810946,122.625626
305939,111.51991
554257,215.65173
596515,74.636406
357995,69.11905
911449,104.28089
122534,91.13676
255810,256.78772
209571,263.7463
828788,183.40343
216071,234.05136
184744,88.49259
117747,107.2015
362777,178.14392
649515,145.11153
664863,242.1164
196021,173.6367
273784,76.3784
712634,134.52089
905025,202.08253
763534,291.37735
737391,134.98729
536211,226.95097
770186,203.4195
365342,94.60307
111007,89.211914
866424,95.45472
953511,72.56274
391044,158.96889
807112,157.01671
522874,108.66467
309839,131.96193
211515,143.37808
385885,153.18492
759151,91.813576
976459,105.76453
821615,108.758995
181351,128.0094
655182,133.36607
193196,82.50928
326274,120.84551
154916,514.8536
935609,111.96488
381367,101.461494
673326,99.2728
739224,148.01407
717817,105.68905
323089,167.98103
797024,164.41682
522396,304.42725
864080,101.51769
503346,140.51665
545207,131.87059
161626,244.56438
884988,110.63534
919239,437.06778
630226,185.88092
262792,120.55854
302145,268.476
942473,138.74207
115388,98.873436
663727,123.07682
714656,96.27415
741351,161.08926
910754,95.72466
148091,126.262085
224331,122.74559
297856,146.85992
610591,262.87946
319976,93.796234
460415,177.15703
634735,135.9676
692999,238.79308
293947,133.16211
836997,116.165
322873,114.68309
863630,165.83533
870526,106.705376
662995,103.91816
300111,89.12592
702868,257.53494
144757,59.943848
262778,68.88803
949574,76.29709
435430,104.489136
470720,242.2349
877549,224.60724
511418,100.93893
495467,173.99547
781129,105.01149
250972,86.3947
110099,118.18192
472065,535.02057
743701,260.31018
618218,234.96603
247962,136.2971
640835,126.39773
150963,141.7918
165404,118.61097
711999,171.3909
223699,136.90054
414239,129.04826
941427,119.72523
305952,101.59222
164330,228.37616
827469,204.67099
132078,138.93584
382070,272.2769
371449,187.21089
368552,152.91138
267966,204.34496
648977,127.07552
842794,131.18942
625912,149.67307
549306,74.49203
802597,100.88951
624784,158.7377
156791,523.91034
336725,290.8944
971929,96.77615
235953,176.83629
614592,93.37494
514660,201.50648
744800,79.218735
465348,66.92786
541669,107.92946
460654,157.8031
740984,100.939804
681958,147.77318
518492,260.65707
717031,107.20047
332368,150.36842
857554,64.939606
224106,109.69916
611920,124.50337
525300,106.39408
542773,87.72819
952930,120.367584
339290,129.15614
310372,107.35387
831146,145.56726
272591,64.37647
608451,173.67493
710003,97.639915
612446,244.72789
613306,107.96645
657113,141.4485
300693,268.8784
892732,170.16919
727421,264.03632
841677,190.52571
412281,124.86607
724384,111.274666
620360,56.58723
310643,266.2943
984563,30.059004
797415,68.90896
875663,233.92026
163369,204.98221
493315,443.41055
529313,132.96483
530574,122.35146
598805,152.84894
388806,265.8417
267908,213.39923
761915,176.45316
401043,204.76035
612144,177.37898
300718,305.3371
276054,143.27727
737194,103.16623
648017,112.83964
780114,128.65923
699033,122.51014
242269,142.8696
560599,109.26421
583622,126.662865
299169,205.78731
427443,138.13808
170420,52.93402
512549,122.90341
469860,130.98106
825173,56.014595
974884,253.40417
112107,203.28658
885325,127.91586
146596,133.34737
665268,119.33837
298127,122.07914
998133,140.68633
715734,331.1011
271039,110.138565
128415,101.58469
648507,150.43578
909872,115.30583
743762,232.78313
948844,116.03473
221961,95.209335
295802,105.246056
692182,166.66905
417399,303.2745
257154,122.21514
744664,169.74399
574509,414.54962
275869,257.73386
499072,256.32852
451904,99.03344
809087,219.19502
136393,115.207214
945090,160.80716
592427,204.58891
126584,288.36417
443414,209.00668
154903,141.1894
934215,103.79586
326437,187.2231
495759,165.0474
507858,87.63904
452521,81.62213
743109,96.474686
941592,61.551704
684284,120.67481
820196,242.19337
875895,422.52725
990292,279.7762
204519,94.72213
465954,265.32828
828662,191.82622
624937,159.0732
636275,281.25577
162520,88.773315
228888,79.3769
635927,71.50902
208581,98.57268
804885,124.07466
665116,95.96849
394685,190.50334
635994,117.3999
335286,307.84988
408709,231.71318
651220,264.91687
212650,158.7696
214226,264.65137
342215,87.8852
551055,296.48407
927579,53.225315
868503,103.411545
748366,173.74033
665676,132.32202
822704,58.44999
449422,155.22536
859568,105.25213
299855,195.6697
420134,203.68011
557010,107.27381
824721,108.90988
392271,94.46964
765106,104.51912
692402,156.19237
278402,106.21342
400722,199.76595
349774,139.53392
524083,96.07536
817133,128.55367
780279,127.46826
576999,96.74417
844448,98.0087
657276,154.48027
107371,152.60681
902392,177.26819
157409,160.78835
946031,151.22841
365669,132.67615
423615,99.4615
733542,205.1457
219101,252.6845
485010,181.4306
978575,105.52029
153645,170.51373
252115,123.10333
668043,75.96134
327846,391.89697
682103,42.965546
370144,124.86019
155226,148.16243
237781,105.36766
678259,142.05739
850012,125.40691
548221,118.33956
229538,98.2642
223147,293.04926
675823,219.87488
817719,107.74797
188975,84.90305
227480,169.5818
455297,206.53796
948558,155.61829
303606,302.54617
627789,98.240204
929495,139.00085
960935,168.31609
515576,126.01898
777203,115.38711
725277,104.52073
518755,113.74782
611217,117.29437
872771,155.87428
454917,274.1219
203719,105.36036
719359,80.0121
448524,119.49334
546447,182.87326
509318,207.17815
353007,221.73271
694049,82.45904
904754,423.4441
144727,107.94904
786681,207.90456
124373,162.04816
612613,147.9458
936028,51.196934
704935,109.57929
937705,124.63666
109190,511.50586
234717,94.32949
744818,127.150055
730685,63.516724
996498,79.2996
287980,107.284966
275979,88.54672
543472,283.22113
668382,187.09956
854210,130.25618
185273,135.39369
237640,102.68875
405772,644.4611
821517,52.668335
485175,114.55624
894549,327.90225
563413,181.23212
848056,129.2535
216927,195.7482
952729,197.46527
106497,74.224464
977328,71.27853
587221,179.0802
337185,447.82333
788268,188.4317
564863,172.40884
964273,83.06883
295765,103.799255
469697,222.3451
824813,381.02518
999276,102.059
125290,144.50838
129548,99.464714
676912,245.6059
471889,130.83873
777995,101.90127
417241,154.56993
230817,147.0706
186834,74.85915
151975,142.97275
963332,145.65878
922044,152.69165
184236,124.595566
765768,87.61115
470622,138.7788
189017,181.37494
668315,76.48463
909281,101.3669
748292,121.33617
534074,432.25058
627445,87.391495
145873,203.25073
325553,100.23505
571260,85.26185
617522,471.83307
381908,185.56964
354535,200.51904
299370,180.56053
518047,180.99323
430433,152.44963
907064,72.21727
281978,264.53574
140155,110.85972
828677,65.76249
531365,71.10077
622154,138.7502
925308,92.86331
869562,106.198845
136111,210.83836
698888,183.71135
188243,169.40044
531870,163.30025
879788,205.34122
880877,217.45947
464466,125.846115
404156,164.57466
869500,108.923874
960026,207.61986
216904,80.57012
663551,142.63031
656963,234.42534
178460,117.1077
666042,120.161095
821810,183.63852
610002,115.22999
328446,102.67481
410038,40.28195
819841,89.02087
726279,116.78987
376276,85.84987
534306,227.54663
335819,99.855804
579294,186.13693
310859,89.38083
948165,394.54523
192631,259.54214
668047,282.33673
132384,202.41136
741931,362.49405
873586,146.93427
249779,83.504456
916801,205.8229
489746,116.11551
216043,132.11774
927363,107.722
717862,113.780975
695559,112.133606
695160,97.590866
552906,211.17409
156805,95.16668
379207,70.789
633723,75.6466
152831,447.90448
536050,76.32879
865133,238.56541
785771,329.49496
322942,136.41068
325109,169.24734
355744,831.52997
955450,404.37872
255308,68.41436
569000,245.85474
448061,126.33274
461777,267.86417
934469,224.31374
947533,143.12936
598592,350.8527
275864,78.6807
569382,290.7501
898404,83.46035
261048,68.67534
380212,80.71572
617206,156.47926
591944,78.79793
179455,166.72359
150748,110.95529
595756,199.03006
843873,213.61392
818516,135.21982
509051,119.33039
703500,284.02826
240192,201.56299
837814,157.76721
630894,421.70892
990669,84.48455
809643,78.68918
767627,103.107635
799784,119.756546
651671,465.78857
659997,265.49927
916485,178.81497
515102,91.51157
834552,437.9037
608920,467.977
743505,207.7297
112291,529.8143
516533,116.00627
805363,469.38077
355364,153.18463
255077,73.71673
882975,84.21428
564034,89.62038
496495,414.3151
208877,133.2661
634329,243.60397
712098,171.4945
177734,350.47757
220688,165.91911
354617,171.81714
724551,205.29576
867340,525.78265
250724,234.25824
556177,192.9368
693364,463.88028
265589,134.84335
171645,333.7936
996853,218.67055
653407,102.018906
766031,265.312
667306,128.11752
852977,125.75675
239023,217.36594
414679,154.92447
442616,171.3037
673751,169.34804
844092,117.32083
980460,328.75293
935411,197.43451
520948,300.50555
440975,120.0115
216136,247.06538
837172,308.92386
328882,214.61453
161785,102.76413
793091,145.64304
155537,428.96262
774444,156.79022
940272,223.66885
481404,134.11884
408736,124.95559
380232,176.68243
630036,177.42381
569685,130.06
344584,199.56184
649735,195.82758
251483,179.32466
626170,161.71265
921914,191.60631
696652,221.37604
138874,177.49878
986822,200.00197
517852,367.21152
728650,444.02618
923229,156.46521
555067,246.74811
591998,156.7123
522445,427.04544
809916,93.313126
559143,205.37103
743275,101.88429
601539,66.92018
300586,193.8675
162926,93.331116
851024,267.01578
441627,88.59071
768529,227.30266
323237,238.42998
131721,87.66673
847238,176.284
614086,107.527504
176805,92.21243
232059,146.6725
861107,314.43118
433010,181.85936
346280,138.23079
305653,522.27094
981047,87.84766
258123,142.3273
840020,132.66359
724891,106.62605
708463,62.656654
491706,438.3564
218141,342.02402
747317,278.81363
388724,113.34995
151811,179.45558
123197,171.17615
797318,166.53703
554160,97.46322
944403,211.7824
574033,119.56898
812069,97.48458
229140,94.87932
336414,46.636105
498667,101.02481
355301,112.714806
961534,127.70948
108021,173.76048
584248,295.79956
941775,120.78742
392916,158.35745
964615,106.06735
340313,245.74094
274633,90.069885
819301,87.91903
688213,387.02493
277579,99.42706
342653,144.2077
714529,125.36593
346626,143.33885
326769,146.78345
448251,181.32677
952620,177.661
739242,143.34973
503727,188.73509
882166,89.00576
482832,108.25463
157849,152.23576
123466,208.01176
859893,335.82642
138697,108.64919
669421,83.95883
189043,390.33966
104090,95.790085
363111,50.79855
509676,130.97768
531284,120.548164
224701,153.44563
765312,94.8668
225673,77.940605
253677,70.029236
985632,280.42752
871682,51.50435
277349,240.44044
898923,247.51007
356305,255.77693
353811,141.17917
565154,216.66257
322977,285.19897
661954,115.49832
576126,543.41907
233141,67.07121
890378,272.61368
394569,96.347694
935366,409.2562
358044,77.40491
148740,82.21886
364750,94.78857
457030,135.71164
225770,92.30017
450614,498.88562
924696,434.73758
247666,193.59209
700316,599.3469
518852,579.9499
362555,237.22215
855302,199.38557
687822,310.80002
396384,327.7102
736889,185.88493
533987,265.1885
878739,733.79236
150033,447.71036
376647,499.61484
578173,512.22656
169847,516.6306
478596,287.51065
924732,522.87036
471348,486.79007
446630,539.3782
240378,214.25581
639882,286.20447
259273,432.075
167223,222.27014
982047,322.98737
443545,246.64299
256129,353.7163
826951,425.51492
884989,193.76717
157209,286.57144
488645,176.92908
253363,173.13495
723920,128.72014
825036,328.62323
942091,546.0515
289858,320.44415
902498,215.49217
138500,449.45712
546983,453.94208
639406,409.5869
176872,345.93726
125349,438.38782
107656,181.26723
542131,157.20995
117604,4369.94
895355,324.6418
545374,484.10934
913052,249.6306
739537,226.13644
354578,238.8315
158540,318.61343
857298,130.98824
778998,261.40698
468907,340.2679
659933,163.09723
333289,342.38095
484640,615.2511
686507,172.8677
867138,557.416
318208,169.26285
954489,672.0688
746873,587.006
113516,442.19882
430505,617.82684
991222,695.58
404887,483.29233
824238,393.6413
974307,193.22777
964693,751.81165
495598,288.66235
434453,577.6991
553184,169.49846
637452,246.28192
990508,324.35995
178739,526.03186
662568,425.62152
440506,426.62988
106091,310.32416
780140,327.21027
230279,433.54245
263144,223.0224
302575,149.51358
316078,456.15518
780414,566.54584
899376,647.6483
490422,172.57272
718144,351.72437
472715,286.47083
223632,708.90674
323927,393.6093
157735,818.3867
566474,598.4561
760182,362.5809
634356,701.3212
337717,559.05255
549683,599.3647
733030,502.53824
689909,430.73624
398159,753.37335
626637,229.67648
272529,422.78644
814855,249.23557
989059,312.46564
833461,309.198
143496,262.67682
813395,558.35065
496440,728.27856
733144,186.05959
959860,261.4597
188020,532.968
573980,891.6944
234795,1336.4641
604859,730.4333
758483,590.4603
249157,187.28621
193414,424.16785
915487,288.17587
694423,316.208
536033,430.18423
100198,273.55807
366462,409.9881
763030,219.58543
591157,341.8304
487185,502.8303
527563,1026.5123
797597,278.35397
445897,194.92816
153049,1165.9542
212053,286.19022
373047,522.02527
126015,840.7597
864934,463.12033
249770,464.77936
697878,322.4832
366271,433.35123
328589,272.3822
184190,521.3912
966855,695.9514
139121,196.88837
320432,418.8754
556519,380.80756
611714,1335.1498
467163,460.6322
365792,453.9002
737157,643.17865
626134,419.3646
844716,509.92447
257812,864.36316
520242,209.88564
951907,413.70874
135204,581.61804
629453,294.60892
529298,359.26498
371759,212.09137
289530,229.43044
383637,258.02493
240709,367.76642
547750,341.62564
569756,370.16757
896203,391.34564
120230,431.32727
250176,445.13144
279331,812.07654
577692,319.3374
249897,393.23523
444028,536.4323
748311,220.00562
364662,314.88937
112647,311.96185
300113,407.5075
346797,601.2553
277148,576.3565
739012,441.29755
326601,319.267
235244,327.76163
835204,331.47028
390157,450.89984
378168,306.02017
793883,295.98688
281923,475.23648
344143,466.16443
434488,440.8045
856651,463.29742
289389,420.3214
700416,467.82227
741629,502.87738
827753,192.19453
746547,305.8861
963352,438.14987
838475,339.4127
524386,301.12424
476132,469.7959
740930,516.62244
724923,605.1332
753719,335.63565
180458,191.61449
245136,275.8354
698880,799.3026
302198,730.3506
420105,372.78894
414402,148.06438
288387,868.2018
750389,455.07632
727292,509.33572
722314,447.937
607361,292.7471
214482,208.89105
352533,240.32753
213092,164.94394
977819,199.4907
422625,348.89883
954576,289.20084
988589,212.05937
243751,262.93393
146891,1599.2145
647172,197.4332
566019,277.06564
116103,806.67444
707539,523.2547
119799,288.19754
160545,244.60442
784276,393.4101
360837,528.51434
686002,455.41592
584753,1049.426
380272,266.99854
178375,288.03073
550693,166.29506
511340,179.60768
325251,218.87134
638419,394.08133
533428,525.57043
117727,963.3283
637783,330.3055
828282,215.64305
765375,256.7217
883450,279.42633
972866,163.39343
827735,256.55316
442630,239.66745
241685,366.57648
615848,482.59103
424608,533.2497
427525,432.0081
611822,821.0581
493832,638.70776
943570,487.2464
783782,277.85663
663867,495.95712
740253,169.48537
162439,772.62024
764040,265.15955
558444,858.64935
118061,293.9992
268491,247.64046
606398,256.61813
613426,174.776
894976,193.9344
363821,376.9614
270392,403.42148
257583,413.44443
998385,289.47717
329597,445.5424
991739,269.8094
429602,222.42702
457450,608.84576
951201,797.70984
670816,498.62708
454813,280.25177
232937,330.318
184613,207.79878
530726,297.31506
375327,509.4562
465679,366.2219
915527,434.305
241062,371.11
819202,216.03886
414986,368.3385
563232,530.86847
278155,380.15454
991789,407.06656
109030,312.1816
917684,437.42657
311731,454.66418
164958,422.01257
357239,535.3609
557496,445.31293
642342,406.49857
385039,282.86276
847056,491.15228
506017,375.6457
620896,249.53094
736152,318.17572
348941,427.15036
492242,241.15413
132501,224.4009
656836,312.2842
479428,293.86066
910116,335.53406
107125,652.8545
823532,211.76636
149361,1356.7179
255600,380.16324
592074,498.4815
527565,461.07642
450894,276.58038
468193,226.01117
900735,460.28564
281924,251.22694
998387,300.8141
391482,908.54016
248446,259.10422
896168,476.21304
321220,341.21973
245074,189.98746
482034,343.86383
749563,186.6212
209382,179.32861
383199,1156.8088
828328,506.45004
455734,472.6599
583587,332.69754
758097,279.024
488221,510.7054
585532,413.32648
225093,368.01285
938948,393.1856
684153,547.9805
610460,402.2736
154197,453.00156
243721,373.90225
556831,214.44896
113822,198.82214
443843,207.06213
104021,307.47308
880572,200.14838
697492,255.27689
685919,205.68036
847581,389.4619
720466,226.31262
679000,154.8132
903506,305.0877
704418,398.2361
333143,208.8035
623896,360.83096
746472,1866.0083
272488,199.65196
534033,262.7324
583891,1103.386
377155,221.31158
560290,417.19757
845454,623.2364
919901,1122.9144
361819,210.6209
208943,403.68365
303657,237.32463
887307,357.35193
955719,198.71411
229353,183.81435
401711,171.86363
617681,158.82227
706480,588.2789
518184,427.06055
849748,2974.5173
798779,2733.5078
861907,2971.2104
568209,241.95786
521789,1460.8018
781609,979.7023
994791,382.52753
727636,245.79576
757435,243.43701
978604,706.941
953280,258.9196
549109,343.19208
804742,462.94797
851787,339.6363
164296,591.11865
169029,271.5388
401669,369.24628
839372,2369.6836
708617,181.75537
995190,337.40668
469199,468.28906
673527,699.733
614109,667.3075
295344,244.66989
336913,209.51842
785051,394.47733
454661,386.47913
472860,750.7312
100575,573.0957
247640,601.1385
160385,406.56018
401733,586.6416
530975,457.00745
493491,580.8609
346733,307.0702
600132,359.05
705493,451.6443
628628,375.29062
654671,409.98535
403336,203.78496
760951,226.36888
174870,250.47325
231487,237.34077
610359,316.00977
865205,473.53366
778312,314.09192
407538,250.1612
486529,792.6953
229410,309.79776
250714,243.21693
635786,222.54626
450462,232.61185
207861,675.99536
437713,462.00848
545316,2056.4917
894961,490.73615
943660,550.1218
938804,188.78865
279798,321.10867
480366,512.16345
891381,220.8376
755144,344.58667
380878,1715.6437
475155,995.12994
242223,619.393
254863,937.0381
840106,471.5135
776695,750.3961
616013,416.82404
963060,143.24095
498267,586.902
852171,456.5713
778361,357.58267
144086,440.06906
826210,1018.2498
962682,365.1492
335354,492.1657
427820,423.45886
410607,763.00665
927057,766.66943
392775,527.3015
110297,595.5414
137684,426.08478
916975,386.16663
379918,383.34256
991305,308.3618
495001,442.36243
265886,598.03296
693946,589.56555
849634,538.8016
423193,493.31815
684925,513.53485
550074,221.75269
423978,487.91156
656594,555.4698
906203,421.73672
831574,951.21954
985842,2164.722
543562,871.83966
510883,475.28464
124006,364.15448
877888,444.91406
847657,880.3229
164837,1994.444
545884,1165.681
463634,499.6244
641151,518.9019
665275,695.9182
111071,581.9487
899920,383.8944
642875,401.67157
745912,2288.75
686244,711.6108
695069,537.79736
102724,469.95532
183514,556.1593
739404,521.50055
999583,581.35333
769940,502.73398
539016,649.8043
553022,705.0077
147904,717.54926
644544,547.40393
384537,1421.6251
948002,815.3958
197567,582.7991
546377,504.30972
805057,590.08844
639546,642.86017
179980,499.33658
924369,583.61835
993969,368.66782
765763,551.4885
698794,505.53018
550800,368.11877
577675,440.98383
824314,645.6607
736087,963.48975
748489,346.05972
442360,678.21576
724160,679.3782
138108,927.21326
481939,1847.3911
118129,1458.7957
523954,559.28516
376465,1176.4473
445594,935.1461
832948,1192.5316
690505,205.1979
517532,862.2654
131475,439.25082
439744,358.44135
245194,413.44284
701628,593.68335
594892,1852.71
169957,1562.6316
493254,512.3947
690983,168.27757
107688,242.95331
797214,342.655
802433,431.53616
323634,364.75378
139111,662.43176
485540,195.88982
406073,521.8983
137734,167.98506
836872,883.8613
284449,374.56247
413749,374.61172
492187,227.64027
410525,231.05486
560031,171.2908
239505,203.6157
867904,515.7726
177738,508.1537
911273,461.57553
538193,158.29979
221607,483.87924
764034,421.63412
592164,393.45883
742708,419.89832
160569,237.2393
180363,472.69016
428468,361.57657
584153,451.6581
323706,517.52045
444065,495.55017
919440,563.79376
563986,509.2844
335939,875.0528
130013,413.7821
519336,444.47775
193848,784.667
534375,469.5975
230822,277.97073
531187,401.04724
588697,412.5912
602076,427.56317
291458,481.73883
299057,445.90326
106390,447.32562
969905,399.9474
487385,509.90182
953073,422.75995
730133,475.81567
382251,462.53268
204374,442.7207
726507,360.6616
703795,273.5344
217867,316.22586
603482,293.99103
552640,901.53436
129260,329.949
867812,179.80923
117315,233.76036
834545,374.5338
501493,315.24084
960418,978.1692
474341,496.50385
696056,243.66591
345916,203.6437
683168,517.89215
218334,264.6125
622372,1738.5337
482286,1246.9634
143089,226.56401
716529,1916.1567
244703,1280.2415
510053,406.79813
629976,583.8002
445785,246.14235
256815,758.6815
272348,294.73975
581128,421.51062
393936,384.00604
627481,403.11942
679650,456.87204
302458,416.75073
455604,219.70158
745679,275.14838
417988,404.62122
300420,148.76366
477924,262.8369
362043,335.77405
768041,391.7827
880250,407.5009
191463,563.01355
407910,532.86487
247576,546.40173
720951,417.30746
126786,929.8727
530211,581.5794
548126,275.45337
935379,525.43384
681409,260.83566
334725,1459.9182
709766,328.72385
135010,602.4112
319658,253.18991
793663,108.19688
296165,235.72122
956012,244.90312
214097,134.6773
758347,300.3174
357443,295.326
707055,213.72928
890820,577.4883
964401,336.73105
445913,481.9571
328475,294.66855
339762,209.53377
567108,281.0459
516969,708.4042
232811,207.67627
725489,261.00665
644204,555.13367
188099,565.1997
821128,584.1159
382827,540.24
739326,469.60422
904466,440.7626
913838,629.76434
843743,290.59738
422715,454.4895
618037,405.1432
684569,181.1357
767977,245.11967
258317,240.10117
475350,259.4393
614583,541.01483
607159,248.77875
340839,287.23123
296005,156.00868
388252,264.09573
152945,296.94034
189457,192.98193
655376,428.65295
205113,940.51276
897458,422.48746
394382,279.38422
729764,211.78331
295968,281.66806
480929,370.91998
479035,239.0078
327037,291.83917
725724,180.88426
806499,308.40454
624132,387.6321
245209,411.72336
237181,429.66028
635343,245.30293
696198,2434.9507
975931,351.25708
192470,408.14224
691673,206.79463
319457,707.1669
727991,386.09573
222624,2288.7031
497814,156.34775
281922,461.81622
332914,375.03088
310945,295.85803
550745,362.115
660016,1376.3547
565178,496.65048
744103,164.27342
144096,161.89018
791102,400.53342
131675,303.6469
868682,255.93665
700850,325.60425
909215,239.43895
358786,208.4197
765137,269.6817
517111,556.6962
232102,500.62848
317244,336.09247
609461,577.9668
662525,289.69333
238706,566.8552
403588,905.9936
742778,449.07043
155655,221.8889
139929,483.5693
314159,295.07782
548986,523.1892
577933,829.35535
957107,363.92664
194147,242.65105
878979,309.36548
127213,959.3636
503040,452.73038
367523,392.6574
407458,583.28
264407,430.50327
623039,293.65265
782765,644.1304
532746,260.2768
880285,284.26172
845910,691.3397
169782,305.54358
713291,582.08325
607598,299.8541
415198,245.12025
798641,429.23087
713750,278.6361
647783,358.23557
616133,229.77164
132883,308.21414
826619,282.03275
252057,512.0587
875724,372.82153
330113,336.12817
839540,236.6041
457630,557.0298
649626,229.7362
165308,434.2058
525262,293.2382
624031,277.8929
976991,305.5234
545350,618.48816
488038,436.67273
639173,645.13214
575330,174.99464
954515,1003.02124
787569,181.17416
874102,386.63474
965351,231.2869
207801,262.7325
698221,313.86526
243182,361.26343
378715,299.6082
683213,360.65417
315928,326.32596
961608,297.28177
470618,411.3097
800195,268.05423
891424,293.14236
883175,541.21954
617997,475.28735
548942,233.03397
447110,316.5114
192634,228.13501
468187,265.4205
908715,252.37585
997558,265.28574
752378,269.5199
708627,341.21744
202953,909.622
903028,519.9387
584002,440.71667
395967,429.227
724661,433.4523
728911,274.76624
895774,647.3357
629122,369.94748
130828,329.87296
103858,324.56418
287544,298.56262
466631,267.91507
699982,397.60953
898887,313.78674
226052,383.23758
515657,288.0299
661165,161.8189
951169,480.7762
415909,393.2266
561381,305.54678
745920,254.7528
914283,357.4418
526682,700.6738
122530,305.014
204248,342.92368
160169,224.95175
605465,481.09497
821860,599.0501
947404,329.80258
780475,385.90417
872677,316.34158
197008,262.59134
286899,317.8277
925908,284.1819
902894,399.80746
501565,287.12708
338861,501.1686
521264,479.36545
270535,359.25504
108283,241.27078
212374,451.4326
303937,341.72092
860389,766.366
151119,378.65298
286786,405.27005
485276,271.60287
460787,240.16003
144254,212.37973
671987,527.1247
464858,489.8197
781829,269.86258
356445,247.58853
939049,249.35349
660755,305.60556
544700,242.79562
709565,477.32755
529906,1366.8435
328538,267.44437
577651,208.74979
417969,770.6017
801443,262.10876
364391,452.43085
668566,398.51834
279306,358.21194
900063,457.7858
150191,671.7623
500884,294.95743
883320,262.78574
137125,250.07353
933311,360.49142
358348,352.25742
567781,306.82437
720766,375.71826
772535,316.30438
675651,346.7656
692903,269.55743
368332,194.06895
741299,511.06152
161860,1022.183
614246,542.0939
369826,431.6519
399356,228.77771
745223,213.9598
826365,373.93085
794229,210.14896
889273,305.01038
576977,692.66614
837227,347.9343
963468,1774.4541
293673,180.59265
987491,456.63718
570103,273.8827
480667,541.34753
538307,366.0134
125837,345.1537
140774,241.46852
601167,301.72098
848731,1090.0475
446296,222.9221
811933,246.58253
905314,204.37355
998716,310.56192
752126,265.47385
925624,1099.6638
527313,145.11362
268155,236.73364
963466,554.95764
180438,737.076
764888,294.85202
312721,367.16534
782933,232.50894
127472,395.7453
710040,390.77582
165482,245.99414
748179,382.7088
401766,454.6027
515280,509.9335
809356,221.36269
652341,391.3591
500413,931.2942
865211,694.0932
848528,438.82385
759826,318.14804
675158,303.2629
892019,477.0694
308166,266.8732
331191,295.9237
827042,264.6235
845718,226.57118
698942,433.2626
356675,251.37227
689510,286.22543
314235,237.78499
706433,215.43407
564468,293.96503
164824,297.66876
300025,249.58351
937008,881.44946
848710,363.3678
825789,308.2575
806612,213.13899
580210,221.2128
108103,217.68803
843700,364.60922
527772,246.63815
825682,545.5783
774609,267.04684
967180,289.41376
713978,212.22838
129219,513.04803
752471,347.50546
324242,238.45258
934620,393.60425
899652,330.9925
412150,224.35704
818173,484.66528
725515,248.26617
497534,330.61703
877098,294.4436
326938,642.1186
165240,255.04346
249513,254.78049
797669,574.1835
376526,394.1876
482052,586.70715
734784,596.63153
631027,518.9542
420244,512.36536
817497,614.60266
636672,293.88147
158274,356.16135
632174,282.9991
732350,285.09418
824167,311.2958
725062,292.1531
190102,279.6314
809146,356.06107
863553,406.39792
454892,411.14813
803683,565.1146
411663,2969.0046
600460,1092.2896
882226,220.13664
226225,186.40045
921300,2201.3777
657861,186.96658
225787,332.80957
539925,258.58173
203724,561.95245
638033,479.4587
938234,3022.175
890676,984.0389
246382,472.4709
378993,239.2423
847083,802.99945
897025,208.75499
237582,265.65677
141919,181.88622
446954,256.85263
433687,286.63
271457,320.38882
301652,293.38794
780233,1162.6409
125331,377.8963
250388,265.81345
964201,743.9304
639620,2270.84
750667,416.2598
948427,314.83017
574618,384.34286
103032,232.67046
403716,632.7602
406809,214.21373
172731,256.48328
896248,246.57982
191705,366.16516
220374,320.10345
212062,329.47308
183317,870.94653
532574,321.2428
934114,761.9324
426405,400.63757
334840,532.4842
811598,457.50607
440630,195.51633
262964,275.54355
745765,232.76819
679455,290.45282
886551,290.98502
449475,265.8445
302001,404.14413
279086,260.28528
407273,275.6492
890535,321.4852
933827,410.11548
230548,342.59274
770555,222.62143
594857,588.29156
255397,443.3932
477253,306.30402
816400,315.9064
551065,335.7546
969381,309.6718
854650,236.46422
662444,534.2847
335848,218.29964
831649,228.04085
846986,227.164
692238,236.07672
976199,214.40038
415650,250.7924
696918,273.56555
125426,271.4182
266540,257.7293
906138,326.06573
218761,390.14154
667384,349.71198
788997,200.61055
405902,178.44504
274927,199.5408
314013,178.44504
523484,257.23257
566648,382.82556
964378,261.4747
854065,280.79196
159733,218.67212
759734,214.46211
790659,196.1837
725197,245.36084
956718,245.36084
271795,245.36084
253951,277.8791
240428,277.8791
231290,265.5585
984143,277.8791
475903,236.77411
465359,396.462
294095,396.589
944326,335.00555
859245,347.35077
218145,315.5637
590946,689.6577
218449,236.54587
229919,259.9283
521111,308.08237
933791,308.08237
773695,308.08237
884590,166.13033
503994,162.92337
837122,170.30972
116940,167.36783
872312,235.5231
753234,447.15848
806944,283.0278
902720,313.80988
836755,288.50647
331032,267.8842
410430,167.47826
203238,288.69662
888517,229.11311
750687,335.70694
858796,776.0263
447084,376.18774
488184,1215.6061
360806,270.41245
155786,263.90353
621508,226.9989
501359,142.68552
416207,307.84192
572164,189.10475
133829,454.41525
272213,493.03397
402785,441.2442
540413,313.9474
240716,232.78044
279210,485.96088
716385,346.0986
211204,361.5458
231818,232.47453
930589,571.0599
321805,383.8548
338951,333.0381
905824,488.5183
104070,295.55496
577265,405.07675
631435,317.62952
525586,348.85696
759412,225.08852
853578,192.71407
694089,156.2345
654061,218.44788
408932,313.89813
266657,444.59015
579154,446.64246
133902,296.845
477961,301.85568
356771,505.21362
259489,373.20874
856996,455.04782
881113,436.43176
273193,27.43497
418737,31.4336
251848,30.137457
536228,219.32169
128718,225.9549
617073,237.13335
226998,218.58678
453224,314.60287
762824,419.55365
965059,282.88226
905461,164.03857
811723,248.43442
162445,238.79376
338615,300.5507
459633,929.6392
240443,295.25223
639241,229.31883
531420,814.3839
271736,340.43198
189569,173.86343
718041,276.75357
147605,271.43042
679739,318.9506
894866,366.28073
649772,1032.4259
139127,940.0029
427455,810.32904
875207,277.44046
572283,222.04678
939896,208.99667
872310,1013.9639
880627,228.28474
680231,959.6755
131109,286.92792
209013,375.0169
988406,254.02505
313087,702.76074
249685,262.81757
352599,211.68176
791516,742.2213
538330,279.8895
511756,333.37482
462425,494.56476
582636,632.28076
426633,158.11569
786692,749.8184
548834,214.87408
532613,231.88269
681414,210.82774
581056,428.84393
809151,266.507
657981,245.34663
496497,268.52924
978475,268.52924
466110,273.92084
967536,434.70184
617691,434.70184
822359,434.70184
466038,766.98096
914509,940.5954
983249,466.09494
665949,426.58115
513109,998.7002
897103,623.7054
601295,240.01703
717840,209.6375
764266,258.2497
852091,532.6989
589822,666.61755
919956,309.63596
206209,309.63596
445647,309.63596
829408,312.63727
377015,309.63596
615799,362.52594
364561,362.52594
830215,362.52594
225908,329.0767
448821,222.82411
426262,243.69624
735052,248.87488
615997,384.7979
775357,379.06903
141251,343.9005
698130,256.89725
986233,245.20149
581082,396.84256
520677,386.27148
528549,365.74136
463167,378.02856
682700,434.59695
223893,530.38965
153497,455.97906
160206,426.1304
630495,395.642
252577,444.80884
794016,396.1246
841195,397.29413
246441,221.46492
780325,276.15967
548445,543.1684
442572,1810.0736
607230,287.98926
886636,264.77032
892714,301.13504
229669,323.31366
941070,302.54993
395411,316.96973
998558,407.01227
975418,219.77768
271798,234.74112
956361,294.9944
651918,407.8349
285145,373.00375
778197,341.36288
579935,180.60686
617061,197.96672
664746,394.53787
577897,276.66724
182266,245.79765
603957,199.17958
637628,267.48523
976920,863.37463
290854,219.3345
973383,208.75229
479461,1458.7915
138899,218.6736
776629,736.6788
702418,318.11713
474918,255.4451
113250,214.56549
107674,411.9852
560924,254.69537
345968,219.81264
205335,170.56699
868988,1024.0929
670396,327.87137
862504,376.60327
786213,300.73984
492429,244.8458
981656,432.69186
662494,267.7383
883456,375.3143
978852,333.90472
570316,356.26355
725632,334.85034
881653,494.1044
262590,116.042206
132388,184.73366
692072,159.73932
571696,844.2316
473597,403.16528
176994,321.60455
817184,321.35175
299091,240.67139
528277,320.52188
276543,195.1961
685183,194.87119
905111,2193.1335
263318,316.87546
207951,526.7385
428258,108.24088
417462,109.46024
818008,397.94077
524564,176.6805
229129,298.40552
865049,340.9602
854444,231.47227
645787,196.97142
841355,269.3004
221196,296.3136
930481,636.1314
581667,1781.8586
687117,1646.9174
920812,349.61633
374867,358.77145
119664,210.7719
838305,653.08154
726358,213.76236
294258,481.68475
199446,279.42017
933003,213.34781
331721,261.99072
865972,409.2286
248808,407.00604
597057,254.77135
706429,275.26584
297004,318.91046
924501,162.41562
958095,231.57217
136837,434.15787
487788,138.83086
318964,192.23286
644789,131.27176
154918,120.99469
726997,183.21158
445225,184.7567
844380,233.5698
816004,233.32933
183200,196.02505
299109,434.14334
617085,201.51382
723777,236.2123
868376,246.38924
693310,263.29538
721495,276.76004
644919,289.58093
164288,377.64523
563171,241.85083
461877,209.9319
825371,244.80782
836996,219.78905
744334,210.39296
396315,298.46222
906388,269.9154
744539,117.06367
735843,250.78197
687996,262.02585
355358,308.13837
166368,321.24786
640093,308.97043
217702,303.10757
975277,119.15844
844661,185.57053
724213,248.33263
324700,251.55176
753852,134.08508
519366,287.71872
829357,209.49503
606717,477.62598
313480,245.45108
991442,133.82959
126275,487.1554
466531,132.80676
754335,196.97142
451879,390.2574
840884,250.68605
342771,162.6849
210472,220.79498
517848,188.99474
996934,106.35128
591494,241.90584
136669,254.1782
401473,251.48132
155442,229.10005
619395,175.55318
595394,207.35272
546354,317.72495
766900,263.3139
148983,409.60434
203770,312.79224
754721,314.8936
274411,318.78174
503484,196.70708
995761,225.69466
397862,180.3789
852546,325.5359
212950,418.36176
423106,370.33325
881816,399.21085
458136,333.13715
624669,291.34363
192291,188.7397
438466,427.54724
993291,394.53787
754295,146.74393
748032,394.53787
417962,392.47446
394389,427.54724
594819,283.23145
124983,349.41895
227845,176.29161
527896,624.3548
537267,429.82315
521698,1316.9159
905384,222.2596
947108,380.2378
762062,246.78674
174234,398.7718
269622,252.57927
327466,606.46936
102218,327.58734
876298,291.49155
165572,396.68304
163104,220.06938
731217,242.51074
800021,504.11218
628240,434.03815
722781,525.5049
237314,148.1
808989,148.14316
844868,172.80173
463099,448.22244
908409,737.98566
582170,1187.3407
554037,486.16898
186999,506.53256
579737,436.56088
103765,232.76105
895733,839.086
468324,770.3361
357958,148.77202
593636,357.14093
188049,298.103
535205,252.77777
402646,250.19879
196491,249.46776
457969,250.19879
140406,247.62718
317296,212.15417
384153,238.6902
885825,214.85762
329980,215.42818
372025,230.7406
441865,233.62819
387791,320.08783
702276,268.14136
452434,255.55272
418349,310.87646
538654,325.05963
399633,316.93182
133439,232.38382
899498,231.22166
640636,347.09805
200813,358.88693
984218,280.98
895592,260.79385
950361,1075.099
706501,434.31104
179624,294.99057
637622,293.79037
209861,195.75223
553221,280.51797
701545,287.4442
280876,265.80176
485719,280.55463
677574,196.7579
130387,317.16174
618090,242.98972
369342,604.15735
565236,523.4983
192077,180.31215
860434,499.40958
608261,476.1291
352357,490.61398
807646,485.9156
560340,482.03955
242550,440.4057
829107,280.56268
190989,430.13037
155874,300.31467
781794,546.3649
372601,254.00366
899564,216.96231
808643,242.33629
551708,827.487
491607,275.80835
410147,227.4244
443493,230.73872
677122,204.89952
572701,249.48567
540835,1567.5641
792006,442.36325
879714,363.45953
326070,656.1524
441948,2227.6287
481673,166.05894
546050,907.86993
172452,238.49905
261212,218.46765
740115,224.62164
980912,263.8765
178334,519.37195
456329,1000.2087
574250,182.03122
401903,315.9315
903783,439.2987
782905,195.08351
682352,231.00285
166341,189.23099
599324,189.27399
819309,191.99538
478886,235.45612
279406,397.46527
688797,1027.6934
203232,569.12805
572938,822.54156
847006,203.99599
457141,506.00693
537949,262.23035
608699,1070.9757
996613,1076.136
750201,384.76517
667149,293.3402
869157,335.5575
174460,672.271
423130,577.7838
217651,965.13574
888214,2089.028
508505,436.89713
458529,152.4007
156926,159.118
318543,321.08365
307051,328.48825
543144,340.96902
285853,219.36823
166949,220.40147
255139,282.93005
161799,437.86353
877090,277.2492
788574,291.86697
359692,194.96133
676868,289.57874
219478,131.28299
878534,213.613
590503,243.92693
184511,399.0941
715960,230.62172
413351,191.72592
323538,188.70479
148830,380.07422
546493,434.8253
339781,194.0178
865022,254.00743
432463,339.75278
771440,668.8804
543719,642.133
393698,283.03745
659576,271.96902
431853,175.31862
258837,228.83424
264385,221.2161
962099,194.55267
519667,294.37936
318188,227.59361
815384,229.65273
679581,333.4075
549322,348.8763
933511,330.79025
351888,214.71315
264647,300.49777
799867,180.7673
672530,194.53505
618533,419.25195
729952,188.74467
753223,198.28242
987675,658.19995
804682,277.7003
301292,408.50314
104290,182.27672
193371,196.11874
169714,263.64206
912258,207.25131
771575,281.86572
550817,270.47122
808399,273.08484
879678,295.81613
653727,237.61938
506677,220.9778
813086,319.22287
873043,301.32324
623540,219.50572
898762,181.80174
527140,356.07825
949207,195.75711
957807,386.8551
138371,552.7761
500777,248.6561
692224,249.49081
941768,259.2505
748367,281.86572
755932,210.5432
217490,157.5033
443952,288.66208
809243,361.43103
221716,305.69067
952823,253.81113
241710,328.33398
658425,111.72006
778500,257.76187
950153,334.9248
587672,451.14383
378401,373.39346
170935,253.70969
600368,128.03899
900293,141.28687
738886,258.32996
673015,483.5924
687804,611.3623
445853,531.6682
944970,453.1895
503668,354.7082
173362,412.02536
192230,485.8269
246801,387.6397
991062,778.95667
838782,721.877
426596,392.26416
265089,477.10703
947155,948.0406
678249,603.5932
993824,217.60619
968394,211.42484
255406,298.49692
387190,276.55457
405895,203.19513
599129,244.78273
774723,482.26303
352289,324.42545
709112,650.961
983353,181.13309
424041,444.35394
423780,454.89258
992594,349.88278
419256,835.33575
266013,356.61688
249494,226.72565
474915,280.1543
636991,330.955
413558,1010.38354
644953,1020.6258
986380,182.3922
440997,36.421406
648241,28.231035
881776,23.40966
492167,232.98788
400647,543.0711
786707,661.5223
903069,326.16165
570609,348.56982
838300,191.64452
217347,348.72403
526122,873.16583
396175,803.27203
235874,261.75494
494623,623.76855
738848,482.62793
722605,406.00882
719232,822.76263
739791,225.06168
858058,257.5888
249257,245.5035
123877,231.21924
428789,355.02075
213745,243.16977
284321,265.98618
310133,258.29742
458985,264.01813
635342,320.09793
536320,180.97093
374256,190.23387
750012,2559.022
907944,270.337
426054,273.74902
220262,289.23392
479810,578.262
453534,375.99518
385645,1895.8942
270362,318.3269
493156,791.3336
102385,856.6963
316154,267.6682
333011,1649.4377
664802,350.0359
853998,348.6018
564747,398.67383
743554,1013.87537
198147,461.20752
197234,358.70557
423672,212.22441
526886,139.82095
596742,618.11755
971544,240.88443
141976,556.88025
896313,371.47568
452045,341.9727
142701,284.4974
553266,368.83954
392233,667.7729
921061,229.80202
390253,227.65564
328228,376.85706
452441,5479.2437
551452,418.31158
518110,401.12988
204347,319.56738
356283,245.23106
884676,337.5098
872654,190.0811
472348,239.59665
834782,267.41904
444140,211.89586
385847,418.7667
837558,620.4257
146453,230.37546
511478,485.80417
617714,499.3812
333019,580.0344
692253,219.40218
177362,500.81555
466455,215.19466
803815,296.67365
343923,357.59448
471001,261.11987
165884,233.63782
481094,542.7355
151409,627.07874
348506,350.7616
427077,360.65088
672490,26.476278
762633,33.8071
365613,22.557232
635227,284.26962
672216,21.77725
906147,31.837353
688686,309.2718
424828,376.97183
291996,447.82013
310392,42.44257
274511,794.2326
812956,425.59384
332041,260.61215
583888,303.6087
326720,282.38684
658118,268.7877
294580,418.6048
442444,161.08586
899364,221.31763
102051,324.3111
593594,400.8443
750688,1572.1384
403247,264.50775
418858,440.4722
174128,689.9967
222076,1701.0027
499428,1078.9476
739975,1794.1864
332079,362.26324
159527,375.03912
472481,707.50397
640073,184.75749
503380,571.52734
749317,3332.278
949419,3439.3276
320110,1246.529
187130,3452.3218
948475,344.08688
887630,1074.6414
709759,170.96553
719905,230.12811
570940,362.37933
227164,262.1445
208625,214.96211
560801,300.45264
603235,436.6212
188965,216.342
680353,68.61649
695699,2682.4507
404942,586.70294
339376,249.0817
768038,831.9389
477379,375.24234
894365,352.94348
213363,314.70673
988348,797.4825
311707,758.42725
240125,758.42725
480492,559.31775
617507,517.1949
885080,184.07361
446684,641.43567
466815,554.13696
786973,500.8981
572126,388.7718
439222,454.6181
413485,509.94055
841918,472.32553
247159,657.9262
780942,649.96136
106754,431.35675
292812,424.1261
577054,469.0709
191846,604.1383
997203,557.5953
215578,414.93958
714911,1423.9565
935939,158.61746
987598,753.8152
608719,333.40207
239892,200.72614
140688,2496.0981
275991,226.17285
155048,815.32965
586312,283.1149
313635,308.816
643986,241.99226
517147,301.14383
846179,432.50476
884613,453.47787
528874,305.59268
915123,287.12488
998547,303.04944
903297,281.44818
711120,306.64328
130988,288.8421
948013,309.83865
739223,270.8513
336697,481.1389
710107,480.72223
222212,284.66586
289960,282.34714
597123,280.3469
322439,566.2993
122143,290.12445
835945,328.4353
185453,260.19684
381390,225.44682
684308,522.16693
180011,1161.6047
131223,724.7848
793827,407.14517
180815,251.92548
853292,498.06204
442130,142.99074
149102,131.38742
661499,683.1778
872977,163.91302
169761,349.29883
459945,266.41592
332277,356.98627
485268,304.44122
893233,235.94087
418419,265.8594
576835,3909.4812
657208,316.04135
872748,840.259
872754,30.77217
945015,708.89655
696547,495.05225
579772,1181.319
681483,171.62779
478261,210.68094
564645,1519.4147
542656,2453.5059
595992,3034.0393
383719,2996.5981
220568,848.981
372961,690.7658
781228,252.81407
986934,249.28809
631545,282.55243
918538,504.9291
543325,296.66968
594244,540.9363
238404,220.69844
495779,1760.9155
764312,384.57794
301901,992.78345
669966,797.53467
376597,738.2521
691407,368.3535
235128,338.6066
773535,527.7524
611834,340.6989
439113,371.9959
201501,310.2262
813355,388.58597
585380,793.7129
201822,223.5291
454952,388.59766
951930,772.79803
762894,446.5191
993400,240.95331
110395,584.60913
241201,241.98495
985830,994.78613
415289,961.09894
743834,781.38715
164189,330.36572
689151,396.1125
385616,311.8928
945942,225.8137
348696,422.32413
108106,212.35724
362881,339.9036
575506,336.84946
734582,271.22122
408571,304.88492
968476,1623.9423
411831,463.97116
426972,514.069
342586,292.4846
962828,383.25058
316429,389.5282
301781,251.55127
728399,314.42444
714358,254.29857
523007,246.72508
123737,183.66855
189086,496.95386
997698,188.22984
745564,570.3045
544555,401.58536
532749,218.09207
458589,541.55835
810309,775.89105
114227,352.00433
371367,446.69626
664197,360.3756
251700,591.1483
127799,484.0869
283163,2804.6772
623214,860.2565
687039,564.8426
420015,627.47064
905917,328.96198
155212,223.35112
726110,351.774
613549,618.19635
718061,121.578026
401177,419.75284
137247,399.55106
100975,402.49652
781713,357.46387
801913,431.6529
299758,287.22092
721837,239.75479
338895,690.7975
197865,383.3116
545669,234.13141
129472,231.12181
979840,209.5116
592910,260.95605
302062,368.58374
731215,319.36856
485692,299.64502
128003,304.77057
906071,195.36485
225675,314.67496
222840,331.96036
559398,328.54214
907617,306.92508
806157,523.3725
318520,409.3773
200290,325.3516
616087,1142.7253
730935,375.9601
415155,1174.3258
450532,240.16682
284739,204.52716
245166,413.78943
799647,566.6546
529502,5871.584
630421,390.7474
883334,219.44579
333840,443.765
709268,443.765
237933,444.3724
825158,204.74553
213246,394.7205
253316,289.85236
845868,302.36398
879483,303.14337
122925,423.9048
863926,423.9048
377416,579.82336
721909,573.6755
620610,275.09717
272429,276.60355
794040,378.20157
810784,280.01544
766077,316.72498
301484,578.8501
834063,547.1506
785441,256.31476
276814,209.16566
384951,255.23021
549366,141.22337
707833,886.0027
975440,489.20456
803248,238.48616
553741,473.67307
286581,289.93323
268582,482.62265
322460,198.73412
909659,325.299
843540,283.2942
220113,286.51648
587209,251.96733
140126,258.3464
171133,650.9467
911488,296.4313
326395,368.44156
939882,215.292
113482,388.5492
914104,248.018
359518,253.54396
330546,268.5183
696324,266.9847
681930,829.795
764892,824.86566
233577,484.56226
919039,431.1599
103472,429.3981
359200,410.39337
679504,477.0726
100417,470.65918
565658,613.15106
269504,681.6123
218129,613.15106
963376,473.01465
672347,443.28958
362647,597.7294
416984,412.71506
688457,490.42203
322936,442.908
735984,615.54974
718000,340.5774
247900,454.3071
279683,225.10329
318598,413.96945
872278,326.94244
155281,210.02576
495394,556.5077
417676,391.91666
636003,342.29205
524798,647.0609
935406,448.5872
628283,258.51996
899179,216.44016
442971,425.65814
861525,358.06927
124961,267.42722
680423,2301.9983
949066,242.94214
262813,3305.3071
641157,265.49203
885614,459.18628
603298,305.4471
920595,514.03925
503076,206.02943
371995,778.07495
518920,282.27878
902997,501.88437
794398,491.04034
678130,159.45636
392864,267.29248
811147,1730.3817
239572,597.9393
771778,421.24216
290585,399.74725
397382,314.16675
807817,270.117
650747,199.01328
258540,255.60265
497510,225.9168
899228,1030.9747
950781,1488.6278
327414,1153.1835
215459,355.6831
268447,817.9723
162406,241.18358
208946,676.5576
730998,382.00867
375901,916.8022
289647,403.7707
634326,320.14893
980463,460.38617
652960,1806.3787
602892,365.57703
854732,461.98663
217399,472.3447
868476,237.14935
889773,625.3656
320039,227.48169
607381,540.161
816161,1030.0377
946901,978.02075
194440,588.18
859335,588.18
393166,564.40326
521570,318.50662
891767,672.3092
308624,269.2128
243955,467.6077
848930,565.2807
969438,1259.2571
822937,386.41943
898710,814.25757
700172,679.0999
175151,1267.5042
430743,544.77563
825463,159.87596
904975,155.44183
247607,4923.4194
189756,146.31775
400884,184.16074
489187,229.84142
100276,243.94736
923568,229.95604
873893,658.59235
218330,279.92352
140613,1194.287
605091,365.4914
858025,1022.4206
920315,526.0017
138238,543.2301
318507,269.57782
710818,575.6145
944964,504.0279
535254,280.54684
683123,889.94275
404721,355.51392
992878,506.76688
722028,360.6854
713605,424.19968
610610,409.10715
802336,423.56677
492584,851.8452
679430,712.83105
846204,235.23466
833550,383.18262
415726,383.92453
242014,220.95177
771810,378.82336
250421,1096.4172
228531,639.73895
459866,220.03987
259293,2684.7844
768835,502.2442
741448,383.15146
669941,455.0263
627921,372.35428
472194,387.5678
789154,326.19254
499204,332.86545
205517,336.20227
914622,340.4367
617698,368.2996
761954,354.46588
988161,451.22015
170462,451.22015
693008,451.22015
626226,447.2074
198389,603.24475
133458,598.6214
231810,556.6553
572623,175.67857
412429,158.19144
679641,187.38141
629004,187.42696
799035,195.69595
425838,255.48276
646976,194.00832
500372,399.12955
