id,predicted
917611,0.9863063
329273,0.9668928
133046,0.9946109
960346,0.9761663
386102,0.99742764
113051,0.78970826
641301,0.29697827
568162,0.58085096
766940,0.0049163154
423123,0.9972516
743215,0.145773
597427,0.9873511
245320,0.99365485
591249,0.9951898
376449,0.07158038
385007,0.9640443
620790,0.9896959
340139,0.99743074
479604,0.8909976
248779,0.9973513
546215,0.5845508
218241,0.98617965
718252,0.002329012
750767,0.024365708
633222,0.31967047
152910,0.00041942555
894307,0.010804027
552147,0.956728
401992,0.018072518
960758,0.9754193
356757,0.028451622
585233,0.94875574
384512,0.0019831557
224937,0.86423385
135997,0.1679745
863056,0.9883767
486137,0.996507
814726,0.99762684
738398,0.99453706
157783,0.0009247613
662431,0.00029629082
851563,0.9976801
881246,0.9932254
907963,0.0011443621
658466,0.9334588
595593,0.12643488
756681,0.10087106
430155,0.063576646
568375,0.0006909032
265562,0.68692917
722775,0.9699192
245247,0.017445281
537031,0.95498574
455138,0.86223805
285401,0.9394673
883240,0.35245228
288925,0.9628915
522559,0.99129736
604774,0.9415573
186467,0.8710279
826796,0.22192714
762864,0.39349836
394415,0.8257667
693818,0.20636645
354296,0.92330253
185501,0.9732718
628041,0.8841992
612632,0.004517405
822481,0.00160728
195442,0.9743894
478379,0.4699319
447766,0.043322757
800459,0.88220364
243453,0.0148468865
845503,0.99538416
457495,0.9832329
185147,0.9893861
263388,0.058361217
810029,0.6997336
875070,0.5395472
722445,0.82763433
378060,0.9639149
933387,0.077171676
385413,0.9947299
665374,0.27512455
963495,0.79296637
795997,0.99870956
177062,0.97475487
363180,0.9831624
645327,0.6509204
379584,0.6824472
502766,0.999218
581563,0.89104
506461,0.003738964
635393,0.9904468
512961,0.5638341
282639,0.97967213
273702,0.9949155
483568,0.9946355
407196,0.9952905
454323,0.9854231
798783,0.2606143
678939,0.9942873
217544,0.0010193178
108655,0.9951256
219334,0.70730275
386698,0.0026280193
268125,0.9391025
803466,0.12605627
568413,0.9949768
200954,0.9716923
615299,0.57380515
748185,0.02509453
596207,0.9571144
844365,0.036296036
613249,0.0019878498
346736,0.11900313
502835,0.0013904307
476943,0.9811179
801673,0.31818235
689288,0.9196588
265095,0.9337448
310314,0.4660583
849684,0.0048710336
242545,0.0041760486
938807,0.046965558
490619,0.12007879
837309,0.8287846
654704,0.95682377
949804,0.7657916
457708,0.9462682
213789,0.9938824
415496,0.4703573
953593,0.89972806
723141,0.99322814
443756,0.9956715
789095,0.6577807
316478,0.0003044182
810763,0.9600787
475575,0.9321379
616853,0.73132735
134368,0.95545334
644559,0.0018029175
350403,0.0032174673
775564,0.0042698984
615061,0.48479626
751243,0.9824296
866589,0.034865543
863178,0.06767729
910201,0.9868505
486641,0.0044752136
328944,0.9882237
892311,0.0014699467
387831,0.9746873
163742,0.06651543
885224,0.9959831
626718,0.99121535
727453,0.996707
464616,0.0013128557
130254,0.2327872
409572,0.8482737
594046,0.11978731
845747,0.00016721769
413477,0.016552323
789251,0.70850515
656906,0.97246766
202307,0.98276514
163170,0.97469836
683305,0.0119150225
561059,0.97797203
815135,0.98768336
616507,0.942115
333484,0.03263928
970050,0.83578736
644962,0.9886929
103291,0.69278914
453948,0.5356071
829887,0.9950546
882638,0.0011795622
962875,0.99453944
120520,0.14740825
949508,0.027094394
349213,0.9203424
332314,0.06414672
627131,0.99146503
359072,0.9695608
797224,0.7105914
917034,0.96418476
633391,0.5334036
836040,0.9956583
473624,0.9905088
250173,0.13962804
573262,0.35934052
235328,0.99201655
137798,0.80095136
713614,0.06124095
329188,0.9892173
628956,0.001362788
649479,0.8732623
761947,0.9135597
671049,0.095416754
687233,0.70661736
905379,0.010210775
225918,0.91126776
277415,0.19650736
731400,0.9674178
656621,0.005154241
233164,0.9807418
190012,0.051002927
686205,0.99114156
320094,0.7827585
689704,0.93257207
743402,6.744242e-05
645897,0.9701828
189568,0.0008870528
670821,0.7926665
181169,0.64132947
330944,0.89696974
244172,0.99598664
690942,0.9750079
364024,0.95667595
550924,0.8435994
819308,0.9942319
120106,0.1984736
906040,0.8587644
387244,0.9944195
614508,0.021085722
439801,0.71816814
135599,0.0035112696
205264,0.9851328
702340,0.018868363
838482,0.29388046
174368,0.9839324
130583,0.9446096
992713,0.9932441
788884,0.9961045
274453,0.34524858
451456,0.98340803
901829,0.9838076
218262,0.96212345
408315,0.66296506
704290,0.91127867
906117,0.0034764146
157567,0.9936864
583278,0.6580847
397173,0.96832854
955374,0.9963536
733344,0.9386963
863795,0.69849426
409466,0.8899817
373404,0.8079247
235792,0.31347236
770554,0.9964876
845834,0.008689752
961341,0.9970817
163308,0.8964429
384405,0.1458325
783725,0.9842241
163157,0.9891488
202576,0.85636365
841003,0.46014768
643985,0.9639474
671933,0.1371364
559267,0.5523821
631218,0.9960383
501051,0.9948184
861981,0.9603638
849547,0.0035860024
389513,0.96210897
476536,0.9458251
801364,0.904616
768660,0.8933799
320431,0.9811555
127913,0.0170204
892237,0.9856818
369315,0.99364364
149810,0.159164
459719,0.91354454
128170,0.99343467
724512,0.98679453
100606,0.56066793
673383,0.13075167
471906,0.4440698
977662,0.19793807
454124,0.18989816
190899,4.8976413e-05
707587,0.9211005
346774,0.0013303681
494183,0.75450516
199749,0.99409544
511570,0.69850224
747114,0.9753049
741619,0.98870647
624247,0.51364285
739360,0.0043251626
627845,0.90101916
312235,0.97287244
703670,0.8470107
629771,0.9417518
767457,0.011177482
906929,0.00036130284
578764,0.38213968
468992,0.9597386
528186,0.00656429
262401,0.40910313
661153,0.6113746
423729,0.009194154
987741,0.92038137
207520,0.11495073
771622,0.9951585
596569,0.776203
388045,0.0005509101
921436,0.97569275
320073,0.03405486
186786,0.21945114
265100,0.0006849957
263830,0.00164353
539943,0.0008018276
293231,0.8676042
312426,0.74716663
877320,0.21502796
383151,0.9431063
788045,0.00029166605
668486,0.24439032
368936,0.7190232
683819,0.00068493397
357949,0.81654847
624264,0.8910821
108610,0.9907498
810328,0.96502966
211497,0.91660786
830995,0.99703777
945596,0.69356793
837793,0.78865886
688180,0.2715822
479106,0.974515
108511,0.016200919
255039,0.9505685
687675,0.018283308
927773,0.42589918
513606,0.001171236
605301,0.9307993
329136,0.4031111
818276,0.9679966
870921,0.9240426
525724,0.9615381
187537,0.01225934
602993,0.998808
263552,0.96983725
435884,0.9729181
839239,0.98733705
148453,0.99219996
961013,0.90874475
771243,0.67224735
839022,0.71770924
600554,0.74802154
605929,0.0051120482
910256,0.9845254
623800,0.62882674
461767,0.97971946
997544,0.08553392
969374,0.92616266
833072,0.9786572
527312,0.9096188
798412,0.99877185
970516,0.3471418
935504,0.9179337
378435,0.8790142
815458,0.08470803
782859,0.96081007
382419,0.96216017
361154,0.9800797
710190,0.9868329
969496,0.001281834
388178,0.00021057624
220021,0.8969794
829540,0.5988332
312548,0.9902919
467728,0.2615013
387165,0.0074920035
560232,0.9584967
321039,0.97017246
623219,0.81563795
122923,0.9907912
137692,0.7089738
267269,0.9959182
219199,0.27752632
546508,0.015666883
777089,0.03839563
397661,0.98933977
682170,0.9932082
130431,0.9622861
825787,0.89987737
767384,0.93445444
625242,0.002490226
931334,0.97883064
644133,0.99405414
680535,0.0135194305
249025,0.93905604
210667,0.03782545
125147,0.90967804
127750,0.9972416
698086,0.99550194
109423,0.99173707
224654,0.35286924
727900,0.7555812
495757,0.99545515
949484,0.8358521
302976,0.0074022785
801240,0.99895585
627491,0.5029155
832240,0.96043044
718511,0.023580402
445148,0.00087041885
879423,0.3581801
816561,0.0873497
472722,0.033684015
711811,0.99645954
937018,0.9927497
528373,0.0006042387
668876,0.99072295
851079,0.9717767
333468,0.92886484
908767,0.01497421
350811,0.06780932
256638,0.98981816
578347,0.98401964
202036,0.045044985
136074,0.10813383
367171,0.9182717
162887,0.38136098
257231,0.560149
718674,0.24926445
874843,0.9784186
460240,0.53825885
939505,0.9548954
122231,0.9870237
794559,0.818459
495820,0.5602832
395622,0.9898844
962785,0.93614876
236084,0.98972476
717532,0.7503837
252373,0.9556561
539976,0.90796524
986723,0.6004707
557717,0.998021
910910,0.9968148
995744,0.20610377
484170,0.8451075
563790,0.9982576
354025,0.94280666
877144,0.709258
567928,0.8675822
132865,0.9897188
125493,0.9480682
454883,0.94902915
136498,0.010246827
301470,0.020430505
546247,0.06724731
981579,0.8205105
698412,0.9624725
592399,0.10124862
728404,0.9939937
433154,0.9924982
306187,0.99264574
421044,0.00011237246
255891,0.9717459
522995,0.9643497
142598,0.95020765
297152,0.0072283274
558090,0.99758947
873943,0.97898155
114247,0.7590369
679453,0.00076114235
223771,0.98636836
967311,0.0050544892
285660,0.97998583
710333,0.9598924
142902,0.99303824
206899,0.9953513
513168,0.6637107
476098,0.008070518
376253,0.986239
863015,0.025350243
750779,0.12962963
505787,0.99201703
649273,0.65800774
902296,0.06295737
421140,0.031063419
156893,0.980433
174782,0.068085805
296525,0.9006546
317279,0.9804437
834508,0.84400433
945515,0.7235228
706981,0.91905284
730245,0.99471176
930714,0.9611952
314288,0.9944847
222424,0.97102475
331421,0.7430093
314903,0.9530905
779494,0.29916805
441892,0.88017315
410756,0.8650992
345543,0.8920403
642477,0.99166095
699185,0.093758725
977574,0.92158574
438181,0.72482586
158561,0.3167003
137084,0.06742138
265128,0.99312794
573172,0.06471431
451141,0.44762543
685061,0.64875716
815883,0.3910694
618693,0.99207675
980099,0.1522146
517846,0.9885429
796265,0.9794277
348214,0.99334747
980692,0.99268955
798235,0.70174176
162240,0.42183995
531036,0.98424155
811430,0.003291701
518316,0.7699925
430385,0.8924842
806468,0.97960806
709422,0.9947857
852970,0.0006301092
321356,0.98189557
478340,0.9646519
635977,0.9333449
668477,0.9986332
345161,0.87670517
515738,0.32918113
763372,0.07961396
561979,0.8297544
975876,0.9918285
674452,0.004661577
501267,0.0598798
690816,0.62385255
213741,0.99762684
967654,0.013452717
223212,0.15242259
561090,0.40746704
404032,0.98051536
953442,0.010687625
264939,0.9956073
127648,0.9974657
571906,0.98690504
696576,0.049258724
235034,0.86839813
774183,0.9927521
236903,0.019590547
433009,0.01447935
220487,0.005454073
126682,0.979112
938878,0.97860444
979156,0.90420294
178758,0.9865123
929735,0.8892596
611487,0.98027
861515,0.9799111
186489,0.996965
556362,0.9835232
467941,0.91254747
820068,0.95517147
398245,0.02638057
953405,0.9929455
759612,0.94505537
418361,0.28481826
991724,0.09074249
817861,0.00052654406
863417,0.3222719
329028,0.99759185
614182,0.9292971
421705,0.969848
855282,0.9925925
127237,0.9946979
555303,0.47895846
640167,0.92852247
772113,0.99625695
336351,0.5307247
854673,0.9465248
555549,2.3549654e-05
565645,0.9788138
166636,0.00029178316
506406,0.00033136137
129863,0.9872922
616867,0.16074291
522126,0.9871967
159788,0.36986598
648990,0.008012304
801399,0.15556881
871418,0.0014866925
956893,0.042389233
361342,0.07012762
838656,0.028190985
169121,0.9912328
297864,0.47996795
334737,0.68364424
457723,0.95573485
563254,0.01667077
782950,0.88089377
511618,0.12815763
492485,0.0071148807
569686,0.8724447
534421,0.24780428
203652,0.028822575
435179,0.51181763
991929,0.824726
901638,0.870771
739807,0.9318208
669046,0.9742426
201024,0.9281019
927238,0.979913
861825,0.9953951
506996,0.67908853
192926,0.010280986
206673,0.0016516846
588771,0.006145497
223436,0.9496968
203573,0.854697
730075,0.9866571
413442,0.9077146
363566,0.85892195
432892,0.0008313313
705883,0.9975925
852583,0.99037874
980750,0.00036617357
619255,0.9916197
738413,0.84788305
365846,0.99470854
983509,0.008380913
837730,0.31351036
279900,0.9341243
452753,0.18303527
876023,0.9129763
265521,0.9964077
514396,0.44756335
771348,0.9946037
625175,0.5139843
546916,0.00030935038
599832,0.015174954
901280,0.9967589
717635,0.23466906
199969,0.02808304
662824,0.009939342
200340,0.09193306
739509,0.6216796
945169,0.019193396
419141,0.6023185
176979,0.004298502
288020,0.85360384
935518,0.9750959
385607,0.9869277
166188,0.00065836916
182170,0.08068884
239485,0.000122033016
314117,2.955946e-05
774395,0.009088726
577315,0.96947527
796173,0.040668946
834093,0.9942947
868840,0.9963568
374121,0.99626476
695063,0.17378671
405293,0.9961253
258954,0.7257572
391632,0.98219717
505306,4.391906e-05
918049,0.8883195
325971,0.0012072381
611235,0.006816384
888770,0.9902209
641615,0.9892709
249915,0.95443505
174137,0.00034976006
749334,0.0006876044
230399,0.0005627952
589660,0.00061647344
325918,0.04303466
206779,0.0004434234
901787,0.00036687028
772086,0.011910801
870658,0.00053636456
968633,0.00038100817
272108,0.10821787
448643,0.9457129
489718,0.032499064
743158,0.00043613228
665142,0.00039816165
484059,0.0007963835
740343,0.007312142
281847,0.97743315
864498,0.0062788366
795459,0.80387235
324940,0.0010131926
485096,0.00038680295
584641,0.00055290613
957318,0.2567706
291763,0.0003891944
226631,0.00040683325
990649,0.00038377367
647420,0.99448204
476292,0.00043220894
250797,0.022185009
734988,0.9584038
909242,0.8672507
811731,0.0009918101
990758,0.00038133044
837761,0.31664923
931558,0.86880386
698790,0.96332943
708080,0.0014103169
205859,0.00035828273
392431,0.00037040515
881221,0.98166555
787157,0.92706734
691794,0.96299255
738780,0.0002142668
973903,0.8440727
500583,0.9965402
165088,0.05058506
192161,0.99759823
686521,0.061657585
670534,0.0004434234
620063,0.0003048402
858661,0.0038209155
298809,0.0002849618
226701,0.00035828273
401526,0.0004494039
592118,0.00023288482
953166,0.00042559416
667627,0.14254086
220494,0.34523332
665653,0.00023045638
311990,0.99612856
200455,0.98204744
593729,0.9893523
183689,0.018346243
794028,0.9688712
440272,0.9987704
493350,5.3632306e-05
792787,0.9671543
626411,0.00025086655
283380,0.7147105
713780,0.97244704
512166,0.0042459657
391637,0.98603684
482181,0.9136931
723178,0.8949207
442635,0.009717379
473629,0.002563786
325316,0.0003499178
700083,0.66049886
927397,0.00031572153
804501,0.987946
524312,0.17822787
473156,0.5571306
770876,0.0012577969
854114,0.44134298
515111,0.9949503
277847,0.97142076
886026,0.9650097
994292,0.6927383
855464,0.98237777
553076,0.0064174887
417063,0.96503675
941227,0.00036657645
265225,0.9431848
931503,0.0051356335
463645,0.0004665598
768862,0.91660935
200446,0.9025335
414756,0.00028499306
991238,0.00027051114
244619,0.89576286
261591,0.10252431
471231,0.95555294
667469,0.99286795
704089,0.9872613
928227,0.00042293317
741750,0.45747074
709577,0.8603494
467963,0.00058643945
859577,0.96696645
761340,0.9572332
502438,0.0068924376
405347,0.40403888
329285,0.00042030428
267949,0.00029045728
146593,0.93700576
515871,0.9935742
591972,0.001452454
635444,0.00049892854
782642,0.9895856
758491,0.012229151
788967,0.16675195
157876,0.80686927
432077,0.68307745
753117,0.21030612
910729,0.31016555
369092,0.055581693
850615,0.053668983
249961,0.46170515
173419,0.12834337
222820,0.35265753
168187,0.0003521615
988901,0.9659791
959923,0.9527931
301092,0.77695376
493084,0.01261227
161919,0.012778061
498820,0.005606228
842154,0.021621702
955159,0.0008195056
126585,0.012537533
748374,0.9976235
339531,0.9951285
416175,0.949336
577887,0.0068402104
178101,0.004658171
615804,0.0016660842
401720,0.0006175322
281039,0.00048306867
750765,0.5166295
241569,0.02876074
403403,0.9725628
936752,0.78879964
769482,0.00755501
184289,0.9864731
293970,0.04332737
100548,0.08095466
518516,0.00032957157
548838,0.00046075258
866832,0.004524214
629351,0.0003663057
102781,0.1509594
469656,0.95436543
673814,0.9973031
806995,0.9583049
993641,0.9761745
232880,0.027208854
677996,0.963088
273274,0.026213318
317890,0.039988454
278775,0.007980766
533886,0.010566161
112798,0.83362705
342468,0.9687694
325252,0.0022882114
682799,0.015572526
276095,0.9949126
288135,0.9557208
705101,0.9956864
342123,0.00032668049
727941,0.9592996
829096,0.39368486
364037,0.45741233
847941,0.032460142
956371,0.9411371
100067,0.0005479857
983697,0.0002624029
991625,0.001948113
919416,0.0057723136
925827,0.003306358
853441,0.003394655
539043,0.011222888
838466,0.0082135685
583051,0.0003262205
845378,0.9769736
655444,0.008021053
936609,0.90112853
789539,0.0172665
686163,0.0040582637
247786,0.00030531926
528164,0.00065312115
802379,0.0037121628
352757,0.013754315
349862,0.0042474982
572541,0.0025302952
105124,0.003399348
925967,0.75691366
465524,0.05177565
451936,0.0034539173
164277,0.06372911
485935,0.0072327503
253018,0.021216793
482886,0.99852043
704668,0.27389878
361296,0.9969747
526846,0.011760584
381787,0.0003676819
146166,0.00020593435
183086,0.9492593
200893,0.7911833
312809,0.00041494457
270110,0.00049892854
220989,0.982694
804258,0.9962537
977549,0.0074513312
424108,0.9833504
826626,0.037572082
779693,0.7749356
351779,0.99030113
548706,0.01751837
129746,0.013014694
321649,0.013025381
237462,0.003515473
117979,0.018007126
815913,0.63925606
190185,0.015624056
506854,0.004654297
402282,0.71607953
237860,0.00029045728
657084,0.0001556408
202749,0.377422
842692,0.8672482
705923,0.9313102
889581,0.9870342
849041,0.0058849007
391033,0.15660064
250329,0.016937964
429779,0.94846696
782461,0.9145678
888820,0.9306033
818297,0.022524286
929437,0.0042247875
540871,0.00027939575
734435,0.0004285874
309299,0.49865222
787205,0.20265733
925211,0.98435324
376544,0.00060509855
150300,0.031868357
831060,0.89588076
979592,0.008010558
496702,0.98616064
549103,0.99760664
478411,0.9927187
939534,0.0009695783
983463,0.045515615
855062,0.026008371
313621,0.8606164
779713,0.0005245639
453528,0.006022894
413976,0.014383708
751897,0.9951782
632311,0.008526031
823961,0.0016855835
100587,0.96708304
111108,0.94573146
511290,0.9830027
924206,0.0028072898
837198,0.25870058
377726,0.9914023
945742,0.93429166
681899,0.98799944
701268,0.98180884
596822,0.010840699
534283,0.030739846
369205,0.021272395
755512,0.91943
317452,0.00037073263
308934,0.9903638
494760,0.0071843774
243118,0.023848794
231266,0.0045887227
932060,0.02097544
741012,0.98638564
402945,0.9700256
486258,0.84743077
316399,0.97788584
156187,0.0152266845
280753,0.99293834
795796,0.99198675
289607,0.021412212
616805,0.9979334
466804,0.0006953637
343126,0.92930084
786934,0.9695733
936647,0.9758268
250662,0.0026904575
355703,0.0017050593
186364,0.00026692974
156388,0.085336
680035,0.27963984
666446,0.124449834
106142,0.87899554
468788,0.004993582
645594,0.8704256
939777,0.00022378155
431122,0.97824484
679831,0.015366352
515400,0.00029045728
756979,0.02063065
851292,0.041655198
903143,0.44142535
889530,0.98394555
277318,0.90883124
974350,0.7520851
352093,0.7991333
208970,0.0142546045
169736,0.83387524
345872,0.88768214
534194,0.9158975
275173,0.004993582
441847,0.0155975
662288,0.77461463
590360,0.0015600721
748897,0.021280631
814999,0.98417515
485373,0.9740761
437686,0.51463175
131888,0.00027353934
969282,0.9048451
901514,0.006863017
486927,0.94174707
335329,0.08608803
293081,0.83939064
658899,0.8248997
386596,0.99268097
547286,0.8023485
842268,0.97421557
246534,0.06979459
367649,0.003515473
308215,0.014624051
591432,0.0004140224
818619,0.0409421
602138,0.008054712
316575,0.625379
997631,0.006951171
350812,0.7337953
658519,0.45142913
359892,0.004145303
226896,0.97593135
990807,0.88279575
750930,0.98979187
875577,0.07751612
298822,0.19447953
960235,0.920151
238076,0.006143307
265182,0.9397132
118695,0.40926978
651448,0.048562396
595285,0.9728588
343522,0.027093086
524681,0.8434602
846723,0.00020353775
837680,0.003934112
365109,0.00016036039
802092,4.2314223e-05
178269,0.04078871
849866,0.055307128
793083,0.00033595605
924758,5.2287807e-05
888427,0.9737288
777245,0.0007146196
731574,0.97650343
647843,0.12703033
649084,0.97890043
695414,0.54062825
356759,0.995886
337544,0.97776514
645134,0.9773073
728095,0.6343896
676840,0.7642614
370833,0.78049964
718264,0.673308
235308,0.56159014
569182,0.76082623
456521,0.0594259
343655,0.99536926
812138,0.003515473
194349,0.88841623
793477,0.00056708755
309094,0.9867229
106609,0.04977081
751734,0.0003862044
901498,0.91705257
740985,0.98180526
233044,0.5910021
445657,0.9597069
334619,0.061177228
892409,0.30253452
272186,0.00041784457
241642,0.9657097
426128,0.069278605
158621,0.34336245
783778,0.6684926
609640,0.95877904
492080,0.94863063
242189,0.00042471776
998866,0.007475835
203408,0.022498155
409390,0.38408583
328857,0.00014530757
642827,0.7193013
166433,0.9586151
590126,0.98740745
759180,0.0009226355
588267,0.88310266
271941,0.01448768
443352,0.9732179
309529,0.8718432
886860,0.00049594516
839797,0.5363902
579008,0.99568474
572780,0.010152834
335994,0.018140448
793342,0.96145153
233288,0.64899087
536087,0.26053542
955951,0.99204856
834781,0.88843167
938462,0.88012105
330811,0.00045305185
753554,0.00029045728
801782,0.9404052
483651,0.00045327234
275269,0.78192204
726014,0.5299081
886698,0.85948706
888654,0.00016010752
517655,0.00020866294
278433,0.8834743
529302,0.8331853
492381,0.14989257
978045,0.06431004
645040,0.0051165833
937250,0.9377439
154122,0.00032782674
450184,0.66782707
626950,0.97569907
205547,0.9964307
427112,0.00037716824
819329,0.019558249
328893,0.9609373
249487,0.00077894365
407834,0.91436213
540942,0.9384944
292142,0.8343099
452331,0.0013088892
684523,0.9576787
232015,0.00256372
183332,0.00029178316
834139,0.16036311
439788,0.012325805
131632,0.0172665
261470,0.00040175498
953432,0.9922994
886709,0.005528512
888608,0.9792459
230113,0.019762538
122686,0.64514637
607988,0.95763993
638301,0.9979411
341736,0.94193
588086,0.98086345
563679,0.98276067
484461,0.7850803
329609,0.54346496
262308,0.95309895
357500,0.16418348
838821,0.0004355544
171472,0.06449396
473854,0.8465087
468841,0.9333886
458100,0.9733256
859598,0.9733045
836113,0.15759544
627058,0.015917912
771011,0.017202375
924886,0.96533096
675319,0.9409405
727678,0.00031132382
917049,0.0033626743
531861,0.00033184444
355539,0.00060818344
565237,0.8784972
468647,0.99166167
299149,0.00045425273
244535,0.99341786
194531,0.003562651
567333,0.0012880856
601535,0.63738406
836399,0.981901
550134,0.9846464
123844,0.00031407096
369488,0.0006159871
853642,0.9675637
641986,0.039093837
700239,0.19727027
839437,0.9962375
708632,0.020624306
810419,0.9770783
665150,0.5489464
872999,0.7441052
506091,0.9932621
426657,0.9683195
596971,0.0059943944
452188,0.015423734
430165,0.6788774
347400,0.40717557
593241,0.9545048
564763,0.00037812392
532011,0.19334349
941055,0.97173405
804397,0.9979664
755139,0.9395681
721363,0.0026443691
111788,0.9503106
731744,0.99208647
445778,0.00063743873
100916,0.9499778
490375,0.99912053
727233,0.0067432937
146595,0.0019827236
401884,0.0026667248
146831,0.0014715953
798814,0.00060751085
372527,0.007764995
479051,0.0003479286
392588,0.005025547
488424,3.1902124e-05
501927,0.032319024
867035,0.00027051114
996504,0.9783628
621719,0.013450782
242847,0.98539656
640623,0.012946448
716528,0.62756073
175663,0.6564807
863243,0.009992067
431382,0.005712168
890127,0.80345654
288040,0.9715409
656224,0.047089867
487063,0.9972905
438329,0.9970176
402000,0.9935406
230551,0.9666511
750828,0.995889
616414,0.9953164
444594,0.42293197
703176,0.7831725
551486,0.6931437
228070,0.9964037
250694,0.98682123
346172,0.99330443
110121,0.068817325
230858,0.00036065964
307494,0.09081871
548172,0.7763954
667548,0.35093072
148144,0.9076099
284651,0.69672143
889356,0.010307113
492829,0.9800892
922933,0.7232546
577219,0.9925113
430367,0.9893132
713929,0.92346394
270593,0.044481233
307053,0.9814005
383342,0.16155578
585551,0.106350616
739564,0.98540384
914280,0.7750084
179346,0.99963653
690652,0.30339918
347823,0.7467983
322864,0.0024064127
894419,0.3685006
661008,0.7465781
287887,0.03489169
986387,0.00021908498
343685,0.97946733
327071,0.97865856
146266,0.9384317
680084,0.00022700767
845161,0.0002909839
348360,0.014707082
462677,0.0028439832
346281,0.99922335
589737,0.9944112
766252,0.76051116
260836,0.97162217
207347,0.0200574
484692,0.9963342
999221,0.9772529
290150,0.9329715
500716,0.11533651
743847,0.9437807
235059,0.9827818
808259,0.0051649245
849670,0.02951555
448158,0.5241116
143280,0.03178358
809213,0.24385403
648538,0.8980352
638308,0.0004872058
331439,0.5076137
391954,0.9750104
726286,0.016970841
612990,0.00027610155
642321,0.9954032
817868,0.9923989
639587,0.9309098
287582,0.052784115
415424,0.016038535
240234,0.92601585
288351,0.83363473
471050,0.9965545
607434,0.10287539
970738,0.98422563
219647,0.2342901
313846,0.72239274
266685,0.009576231
318879,0.9953242
149345,0.99826556
195620,0.81782055
105576,0.19581087
269372,0.000346624
645595,0.525313
681316,0.0756266
480935,0.9933287
415135,0.047048803
472763,0.10249338
848263,0.054099992
417307,0.003886992
158547,0.00077702163
555185,0.94661313
840581,0.7960887
679120,0.8899684
577891,0.9749221
532918,0.030926796
850578,0.120523274
705501,0.0007764798
146952,0.079565026
872028,0.28377706
684778,0.9904565
488059,0.8498521
109725,0.9737378
612834,0.98066276
353740,0.2762285
431249,0.976273
948809,0.90234655
471400,0.69914937
117935,0.84159666
308773,0.9943388
711878,0.6272745
657132,0.05285622
776193,0.99316674
201276,0.6718702
844027,0.03901751
574050,0.3230516
580161,0.97356874
307002,0.5088656
338905,0.11312656
604706,0.74759793
728407,0.00045425273
454269,0.009877305
348220,0.00034363466
436518,0.003249744
757152,0.005282216
169654,0.98174816
102301,0.91233873
536656,0.06661664
221406,0.05661108
361407,0.2725511
611685,0.83756757
162367,0.01252792
113376,0.0006973276
350500,0.5073804
129471,0.018565405
996615,0.012310813
793355,0.13888061
586984,0.0019045895
922468,0.25272506
400228,0.9368063
712343,0.9258146
565212,0.016382035
199980,0.59832156
165125,0.010005671
233601,0.9783745
254926,0.6862201
484444,0.9921159
711102,0.02107542
479853,0.79004806
667842,0.0075692204
336283,0.11782175
183425,0.94391036
460227,0.020513969
784938,0.1486614
890806,0.0015296924
388135,0.0026371605
180577,0.00022700767
882386,0.08160679
502762,0.0019354877
921056,0.0014862742
678857,0.92109686
736173,0.9098545
890319,0.97306234
564173,0.8443465
568256,0.100218005
683446,0.10810957
835474,0.0011026647
335811,0.004190364
119537,0.13630523
222329,0.7280045
343772,0.98020554
937837,0.013431028
986961,0.9842731
526461,0.063532405
838070,0.99268746
921601,0.00020325443
314201,0.0054648076
298279,0.0016986359
930149,0.96831816
781060,0.00354902
502460,0.930451
820797,0.9146671
239976,0.0034458893
487905,0.00021004926
235041,0.9467341
569130,0.8451363
969183,0.0013445908
825555,0.91474575
875769,0.8926691
873089,0.9932387
578250,0.6301705
723913,0.002601189
924110,0.013045289
906437,0.0056652674
100479,0.053070426
126258,0.9779394
132134,0.027472008
396338,0.6178822
920226,0.9883868
452065,0.2970327
913043,0.008470588
702966,0.97492266
819983,0.3255813
658575,0.982326
240032,0.8649302
382824,0.025145605
883047,0.779396
211613,0.018325735
778232,0.02017572
493552,0.96679837
760464,0.9984334
182219,0.40029126
255736,0.9970055
841731,0.98692036
809441,0.00033853733
784884,0.014521005
838769,0.0001244186
181794,0.97323155
624307,0.99417686
641983,0.00016392078
657641,0.40164983
818642,0.68415785
475084,0.95838624
769691,0.9976585
637450,0.0003267353
664186,0.7660698
470510,0.028920896
338178,0.0006702828
197155,0.9521968
368829,0.0002031283
208113,0.29951775
323978,0.48482215
662794,0.9987213
430048,0.00048783037
680166,0.024761487
633503,0.00011212327
611858,0.0013385918
836603,0.9734763
329411,0.00011671438
105079,0.05319386
132361,0.9993211
364831,0.98929477
351921,0.00034246873
369924,0.9800602
467427,0.56112695
809592,0.084886745
366976,0.8865302
318531,0.98274374
308015,0.9099404
203370,0.99321365
184551,0.9625995
754942,0.0734478
355045,0.80003166
728029,0.9948447
640991,0.0002471558
319655,0.00026519236
122758,0.58500046
476243,0.011132533
694857,0.9982711
191120,0.7514747
505058,0.99343586
153419,0.99081284
782202,0.0020509681
793137,0.56275564
179641,0.9853125
530400,0.01951742
257234,0.9974331
546023,0.00572172
274544,0.25263044
138979,0.9982639
207741,0.97293234
770636,0.0011907417
606175,0.0143618155
112518,0.0022502837
861652,0.9754093
163825,0.0010105227
684181,0.95599115
887453,0.0004555052
653804,9.106183e-05
905659,0.16599831
607320,0.00031527845
767032,0.0043111965
266741,0.9491753
577195,0.03334178
109682,0.97809005
271114,0.0003044217
609072,0.98350334
768127,0.03801035
561070,0.9450004
817258,0.9946707
575364,0.093743
705163,0.91095346
566731,0.9124889
524480,0.00073623064
285244,0.00060421595
296210,0.0010835031
709847,0.93180996
258692,0.00064045127
437381,0.00055432325
831375,0.9986381
551562,0.99125063
550106,0.010967333
732261,0.0151678305
361049,0.21061015
993578,0.004901269
689336,0.9886564
248298,0.19681166
275866,0.96902585
810869,0.8206071
773971,0.00030398867
741649,0.0091417385
245977,0.9388162
714085,0.8880786
407048,0.93426836
189202,0.00037511697
243015,0.48436606
424238,0.73769015
129266,0.9804828
728952,0.7674045
975839,0.009100788
954905,0.000404099
947650,0.8909012
966496,0.98507744
579059,0.28621116
341749,0.9814757
644859,0.03904974
411195,0.00026461072
183399,0.99393576
573952,0.14876698
775302,0.00027166543
943758,0.11012851
344212,0.9891642
716686,0.0008326275
289097,0.00069339795
152549,0.30341128
218807,0.96213996
354951,0.9296142
347116,0.09569509
672222,0.0021330796
225693,0.00026825359
536532,0.97677416
555671,0.012771922
606986,0.9978224
873074,0.00019487091
880648,0.0005231874
534769,0.98550457
529646,0.09124004
114755,0.02515859
452952,0.9976046
417122,0.0014113353
223492,0.0002040918
303792,0.96808285
567117,0.22993852
180737,0.0033800576
578969,0.8918656
385686,0.13246161
901401,0.0025804536
456377,0.0042121247
181310,0.9808301
651920,0.0005754462
514548,0.0007513934
900728,0.7589362
236745,0.93017507
876211,0.80109805
597155,0.00046189706
148163,0.0005862888
481889,0.99937576
121926,0.8011465
893483,0.0001621455
419100,0.8222698
853184,0.9906221
595710,0.9965048
813261,0.017468499
193772,0.017972596
777393,0.017972596
608229,0.9870531
247866,0.79985803
828627,0.86701477
596675,0.00041066314
957291,0.97978735
880826,0.90490335
380966,8.9382054e-05
726662,0.99479574
797940,0.42174545
461415,0.014830883
209435,0.013129751
835829,4.7982016e-05
711025,0.23409498
984262,0.73403347
296961,0.9803744
962538,0.00049926894
828997,0.012407263
736849,0.004593319
253779,0.80015165
566559,0.00018112236
554232,0.0044879843
191781,0.9449216
637986,0.99721307
930388,0.9660841
715477,0.005777331
926675,0.48471794
674798,0.91609174
866986,0.875562
265402,0.95399815
845447,0.8730067
616874,0.0008574798
558427,0.5628169
954146,0.00084978354
369657,0.9951611
143979,0.08664718
556635,0.99666995
439475,0.00012984163
629544,0.99638283
144243,0.00026855504
628899,0.99331385
230948,0.0004597343
494325,0.9995043
589985,0.00065267563
323286,0.9712137
645704,0.11935634
411391,0.004228452
554584,0.86762893
147144,0.99499977
378842,0.95680684
718401,0.00037415372
951200,0.97046685
504982,0.9965814
504310,0.9857804
568737,0.37548915
227613,0.9990429
548053,0.9987827
759368,0.0002418297
673604,0.14106083
679479,0.9917973
980563,0.9133978
413114,0.54581666
257318,0.97767967
962303,0.970852
757592,0.00035016242
541109,0.033590782
256562,0.00084596255
943119,0.46916282
519624,0.7127297
787135,0.96687764
896748,0.0005188739
756279,0.00034937114
951372,0.019572569
244531,0.0004219086
449538,0.036797825
835864,0.8077067
755141,0.000886994
224669,0.0019904636
612399,0.00063347816
595627,0.88594073
568416,0.95996135
310324,0.84380454
196771,0.03713531
180757,0.87549996
471532,0.9312408
483534,0.20796072
553396,0.003991448
331824,0.084221326
482291,0.009402738
730214,0.00033904795
427418,0.99770564
532369,0.7019085
730441,0.039545663
649894,0.034633294
528305,0.98916936
618041,0.99062145
552485,0.44448063
840122,0.9478407
997869,0.028523857
771786,0.019655174
656942,0.00071656075
471688,0.0055119996
426759,0.93285084
292572,0.1298233
750663,0.0037814209
801591,0.9528622
992990,0.8055585
660338,0.041995376
522143,0.9408131
584607,0.7660439
263392,0.32102486
218847,0.046189256
342880,0.9709782
779809,0.9842663
366537,0.99068636
443364,0.003005203
713884,0.9493704
531337,0.96877
126583,0.79827857
606251,0.0013252218
828283,0.9680867
151866,0.10404574
377569,0.9560918
543335,0.38821435
516313,0.9658716
493198,0.0064918115
755195,0.0046206564
440057,0.7790222
143419,0.88660663
586882,0.0006388044
747706,0.00052413903
746126,0.0009683721
960578,0.005338671
494691,0.52473176
362790,0.3195086
449203,0.13123266
246461,0.9994311
682609,0.99450535
527780,9.198707e-06
913994,0.9470366
234071,0.8493951
562322,0.8630819
553120,0.9265875
186993,0.38161525
116072,0.044425387
517982,0.0025264001
496167,0.07238977
280735,0.13147955
738162,0.95081466
299852,0.0022857299
943732,0.0012979029
250232,0.99710196
232959,0.1611891
194510,0.00032090652
267771,0.0029766324
899713,0.0021920311
710097,0.98224974
446631,0.99192554
707366,0.97091436
287095,0.9461971
350804,0.013930608
943838,0.020931471
912405,0.0007780193
176636,0.27041176
281222,0.9895923
705573,0.9914239
500979,0.2872384
327141,0.61591715
217821,0.020861734
901706,0.989574
105447,0.00015353941
816651,0.016121954
782827,0.88177705
713162,0.00258253
140214,0.98889405
148781,0.7164001
661738,0.9663203
197794,0.98839873
526752,0.17254488
353375,0.018770773
894315,0.9927367
305644,0.015043471
565725,0.98483527
316285,0.97225666
228715,0.13057572
511176,0.94727737
424314,0.9667149
352441,0.98941773
298426,0.00042488176
360615,0.88813066
156555,0.081355035
780741,0.52965754
778602,0.010904343
886660,0.77360576
591533,0.99244225
214751,0.99923086
514206,0.21054456
850034,0.1428915
379805,0.0002909839
882777,0.0014526802
307545,0.9324377
461064,0.61589694
906941,0.007904786
912684,0.05859741
792405,0.6384895
953101,0.0008329846
289961,0.9465894
912250,0.98315626
819359,0.11319212
468649,0.049599696
988710,0.0014211065
722058,0.067891836
485474,0.9987722
835832,0.80677056
275788,0.00021908498
240962,0.007042839
885197,0.9919171
663002,0.658231
785638,5.9591577e-05
689113,4.5140576e-05
207183,0.00017266834
980060,3.3050146e-05
122088,3.320862e-05
801425,6.364509e-05
968247,8.299348e-05
806590,0.9853904
666363,0.8585878
659331,0.07770851
107299,0.9931613
332004,0.00011535378
631315,0.00011535378
938558,0.9302495
738016,0.9147589
671964,0.5861503
385564,0.0052298587
729305,0.87298244
295947,0.00021631768
327819,0.6425525
160666,0.0016972318
986532,0.9983088
479757,0.5318645
775987,0.5805589
944926,0.0034106143
524302,0.9339947
600730,0.999015
225775,0.00010065706
174615,0.96734256
601729,0.9951037
496866,0.99202055
872746,0.98920023
746037,0.001766184
988997,0.99341846
177779,0.9824325
230737,0.7335282
693085,0.011553547
419665,0.7139244
548602,0.008008746
878137,0.6987896
200837,0.8675424
626316,0.17312807
277753,0.94239134
329918,0.00019156642
589614,0.00032879453
141737,0.013804599
803813,0.99471164
172344,0.93356967
569082,0.972252
564745,0.00032668049
526327,0.90864986
372092,0.043171052
726697,0.11421518
621511,0.07282417
310419,0.0051385383
679481,0.002401891
466386,0.40864718
400838,0.9649757
832672,0.00031316976
785733,0.00011063122
888093,0.5686625
625331,0.9318823
976464,0.031869125
783183,0.032759946
664258,0.6802793
828554,0.9463817
188279,0.00013431099
659076,0.016237674
863416,0.9918127
409328,0.74344224
908343,0.9922145
571510,0.9906791
265924,0.6206238
427758,0.8435126
553500,0.9941156
940792,0.40536296
169509,0.8268873
835337,0.064809434
741129,0.8969559
853370,0.99094135
813803,0.8439014
761101,0.026712399
833116,0.81874555
709471,0.98151875
179465,0.00022141766
757497,0.47866315
748316,0.0004513046
174221,0.75761443
236939,0.9958299
312681,0.8295048
425899,0.025232026
894818,0.96834815
576260,0.002860836
947073,0.96858394
414616,0.91915274
118432,0.006847195
309001,0.99137044
959130,0.90081894
232198,0.97632354
225715,0.00085047126
314922,0.9556325
521547,0.83202994
186924,0.9494938
999381,0.002912141
182349,0.13325134
198207,0.9811551
147930,0.0033101484
650215,0.0014305203
757695,0.85567147
631071,0.0014305203
887039,0.019337801
651773,0.060114816
376586,0.9406853
652789,0.010922322
644641,0.91574574
510790,0.89734185
156995,0.8881027
347613,0.2405046
190144,0.015408296
504723,0.24939534
101080,0.99586797
385639,0.81452477
143343,0.06559909
533482,0.95951855
473785,0.00026303285
602410,0.0011405163
596316,0.0019170832
267029,0.0030701668
689588,0.9948532
298679,0.0012778809
506305,0.38746
256606,0.11986879
825660,0.0001224913
906630,0.9995347
608936,0.9462644
902029,0.82863754
726572,0.8773859
412943,0.98418933
125996,0.14992343
130793,0.015561271
521452,0.0023318878
958968,0.07736206
115167,0.9524859
955712,0.016959842
825835,0.030821886
399641,0.06330624
114254,0.0747588
549100,0.0034368036
616391,0.27848113
363219,0.80333686
947413,0.27657646
620479,0.40265715
944881,0.9985331
971785,0.010164332
941534,0.10699685
202621,0.0009971942
982496,0.95870936
642623,0.65941197
133212,0.9099774
475418,0.0026276032
637353,0.01546711
764247,0.9850617
486838,1.7818764e-05
118523,1.2514948e-05
822464,2.4022158e-05
214243,0.00065754616
496917,0.9687669
239441,0.0018546856
363355,0.00032668049
424846,0.00032668049
824357,0.00036216064
535374,0.00034937114
823701,0.98392606
594306,0.040811878
421164,0.68210757
866921,0.2837379
764684,0.87478316
266934,0.65284014
302034,0.2626642
702018,0.9879452
603099,0.00080722355
445151,0.8353316
182803,0.0023976443
688036,0.98564106
675919,0.0013339326
911792,0.00020158033
988523,0.98827004
278229,0.9996631
879333,0.9903324
909300,0.9945734
847027,0.99084014
606261,0.98564106
130391,1.0263523e-05
188054,0.043113288
927130,0.9858791
286168,0.9957237
646968,0.9947984
712960,0.18582977
870081,0.9515327
536862,0.9882665
976517,0.9834947
745357,0.0058664703
960070,0.9698019
886555,0.96978486
867265,0.97365224
775310,0.0068098498
730681,0.6677406
608069,0.64018023
415884,0.00077595573
543403,7.653025e-05
234083,0.0012880678
840445,0.87745595
704143,0.0035551281
436867,0.0146429315
562858,0.97206986
103493,0.51187146
852060,0.894072
867828,0.9884145
281113,0.87773985
714774,0.8247183
970273,0.13986467
254237,0.8789112
914245,0.6412973
423232,0.9676906
580514,0.9974421
738415,0.65988237
632117,0.992942
686926,0.05408002
696423,0.9736354
506575,0.003704767
412674,1.6349055e-05
838048,1.8531502e-05
983892,2.9339168e-05
801528,3.339711e-05
177156,0.99141383
423719,0.4953622
256102,0.9993956
882105,0.9990771
626762,0.00012784169
817870,0.000120715
824862,0.656308
590693,0.00022793656
905077,0.0001275261
396415,0.00040258982
963326,0.00051172596
895582,0.93697625
480822,0.9390848
115466,0.9943916
961008,0.8960778
432215,0.7326294
647142,0.99710995
623775,0.94439995
162905,0.00023613176
604961,0.00027610155
535787,0.95490986
622659,0.25492513
454954,0.049569946
701246,0.0037266961
969147,0.92589635
713581,0.8623565
572767,0.1725648
799338,0.9938253
496220,0.94161713
169476,0.58508945
127980,0.9918995
945569,0.00093367713
111961,0.00071760494
659689,0.006496623
363098,0.93715477
258298,0.99827325
848396,5.183379e-05
711678,0.00011090743
379329,0.0018258144
726907,0.93718916
208118,0.166604
966075,0.089492045
569397,0.99191964
896141,0.00029586093
665151,0.046882506
291786,0.010131909
860140,0.0004876602
271133,0.0006056709
496388,0.893987
969536,0.03137337
241152,0.00022294842
428347,0.0047095167
404458,0.0012891042
192072,0.009671747
534407,0.019573273
592292,0.012534664
943705,0.9856797
773100,0.9865009
462089,0.57305914
705371,0.13397534
607299,0.9240446
997501,0.002052924
258633,0.99191284
393157,0.00030828075
579009,0.63946706
723119,0.84022576
214632,0.00031303187
792502,0.0003885651
329311,0.014421044
450194,0.023148764
312053,0.66460025
701809,1.9469453e-05
621304,9.102694e-05
881091,0.946181
975456,0.9966768
955928,0.9649438
584365,0.0005081734
650228,0.0026983249
633059,1.4851109e-05
921276,0.88504755
783745,0.00031550878
411257,0.24419397
498431,0.17349085
939010,0.9723851
146331,0.9563537
295789,0.0002115664
826759,0.0025242704
710404,0.02616971
686001,0.9600773
189387,0.00015070099
313727,0.0006537358
512504,0.994303
961964,0.3195698
242222,0.1259991
618605,0.0070007183
819155,0.9857869
558386,0.012057869
508253,0.04582465
212030,0.026434828
891889,9.277937e-05
580343,0.0009284278
144736,0.4426238
249617,0.018838678
387384,0.92687446
391275,0.013640634
352447,0.0045254515
981502,0.77535725
682297,0.59365696
221474,0.35489473
438025,0.9763663
761762,0.94654477
182867,0.021934567
300691,2.3198427e-05
148924,0.00020013709
358181,0.58161616
500134,0.7842818
198161,0.18090917
935669,0.0023651123
261958,0.9006986
834424,0.95892066
576772,0.002439631
421116,0.35646924
786575,0.9968688
360346,0.9753004
662866,0.000403356
944477,0.9808138
500251,0.0005920581
575454,0.56437474
841972,0.6726976
355314,0.0001762828
956231,0.0032683532
908102,0.0033653583
482244,0.8214262
892781,0.0026260142
149236,0.023642322
641499,0.00042504116
118127,0.1275327
599656,0.00031509396
951689,0.08791689
554808,0.0026260142
845611,0.0015893513
131309,0.00023404388
169859,0.0026260142
264747,0.00093423016
819530,0.0026098993
861805,0.031129565
676784,0.9675807
757605,0.9819338
635934,0.008368052
352942,0.0033030047
867355,0.9977441
204270,0.0026098993
433477,0.002330588
723484,0.0101877265
948316,0.010645201
939107,0.009144676
916388,0.0023294385
351101,0.0023294385
795762,0.0010978
356500,0.9064957
245276,0.00052054186
784622,0.11808166
845792,0.83078575
142324,0.00018238452
699509,0.9980798
498471,0.00593571
300750,0.008427672
819341,0.882848
989998,0.00030577483
145711,0.00051287154
556226,0.2934129
408455,0.0065135662
256206,0.00609253
567955,0.99050623
604675,3.8874237e-05
698752,1.4735498e-05
832127,7.95256e-05
803032,0.00019893961
803856,7.95256e-05
174580,0.0007908989
841431,0.52100086
961249,0.9946025
573407,0.6808976
957130,0.995565
337830,0.9801604
487158,0.08711596
575799,0.0044738324
530310,0.005630877
362618,0.27628544
953211,0.999348
900366,0.8529417
275250,0.24891283
710177,0.9521289
188558,0.9673246
980716,0.0063960343
764217,0.030518718
880894,0.006978669
541215,0.026481727
930397,0.013305696
266101,0.00216481
340194,0.00034937114
920232,0.014125733
688539,0.9817363
698126,0.95225483
967261,0.06249301
807592,0.4843568
282010,0.9528982
371679,0.9844608
134893,0.00029178316
202761,0.08781431
853190,0.00015402859
526823,0.98790205
903205,0.8038063
243851,0.9544769
238596,0.03722309
483847,0.93531907
656322,0.97149336
134885,0.9189323
313123,0.0013253354
963868,0.0012404734
574496,0.0006704384
178682,0.9822749
319627,0.91134447
176820,0.9499014
534183,0.0022372014
228928,0.0013135612
348459,0.71525747
447729,0.8818767
384103,0.0025340552
426350,0.9772793
764610,0.9935894
583243,0.0005195856
866331,0.9641742
878569,0.97559017
520061,0.9977902
376007,0.99753153
364758,0.97338694
642005,0.0009894596
807071,0.906546
505901,0.99344313
712254,0.003954934
657009,0.08597565
592017,0.013319901
219219,0.00029045728
687432,0.06769049
314169,0.033027526
538325,0.54103583
518434,0.0006745025
571534,0.026775636
675351,0.9956174
245649,0.99838483
746097,0.002861481
548257,0.025098637
567192,0.013595885
537350,0.052186582
826722,0.002850213
968206,0.0015807021
714412,0.0070688073
172935,0.0047198026
462406,0.00046411925
586401,0.1836356
638209,0.9924615
629331,0.9912822
771909,0.92260766
564336,0.97810465
176992,0.00065602415
504247,0.9861069
679115,0.9981863
779230,0.998151
406071,0.0013299221
502476,0.009106866
653329,0.119809076
483067,0.9359054
612939,0.05368194
296221,0.3344138
659535,0.052623633
868304,0.9989202
371325,0.27528918
167398,0.0035329373
839557,0.96465874
691759,0.0044568153
739812,0.00070212357
447291,0.997682
815205,0.04214059
392447,0.0026271609
107348,0.086659595
719429,0.4971337
338593,1.3052532e-05
967528,0.97243696
105449,0.45390326
122173,0.000313603
403024,0.014796811
458776,0.00029586093
823713,0.5014318
392789,0.3345928
670011,0.17308408
999026,0.0016156136
963922,0.8849073
352166,0.9675857
766732,0.024507927
598094,0.8999905
276727,0.84337157
492216,0.2220957
467107,0.010560409
717091,0.00015032053
932986,0.9131552
578041,0.022014342
134977,0.18121538
334234,0.005793165
839165,0.97125727
368963,0.6342047
280785,0.9979892
277742,0.00013953612
121652,0.00024433972
394045,0.87786597
862346,0.9955106
844078,0.0646368
550714,0.026548924
607649,0.9737197
339067,0.25477475
678556,0.020362109
265241,0.075498044
679271,0.21071401
956737,0.0002239538
546464,0.00089040527
485011,0.9924696
205243,0.7027249
156514,0.63320494
164272,0.050690953
646473,0.00074603927
335038,0.0007721426
655708,0.8061631
615301,0.66837347
579225,0.000428896
411814,0.00034937114
393251,0.01597236
844953,0.98444057
451527,0.00022191454
433133,0.36563498
484696,0.99545324
692251,0.26359117
609025,0.9732107
235013,0.9925194
839045,0.0046815136
167793,0.6160465
280325,0.9977556
922428,0.037751567
517285,0.9876035
639938,0.9975432
941170,0.05003266
284675,0.927914
903742,0.1643615
111894,0.91344583
631880,0.9529005
710596,0.91988814
898783,0.49157634
108818,0.0020027594
799813,0.13866714
453207,1.6124766e-05
678812,0.130942
248905,0.3470851
816450,0.979362
246691,0.006649725
223378,0.99576473
770818,9.14489e-05
100465,0.99942267
438642,0.0021975825
331072,0.26360708
614177,0.012890502
974760,0.879466
362473,0.9448186
130480,0.7704384
250237,0.9262881
915148,0.9980667
269519,0.9959889
187054,0.92530525
353774,0.94343245
598989,0.9938158
128843,0.038164478
183658,0.008707457
999179,0.071758226
558400,0.11214916
150137,0.007014432
477148,2.18732e-05
516141,0.19858651
432815,0.00029135452
833240,0.86313003
358035,0.9750965
427953,4.9640774e-05
889898,0.46200484
407296,7.253152e-05
411738,3.825599e-05
592982,4.3733704e-05
294055,6.488533e-05
266558,0.0039382773
843265,0.0026230721
181237,0.97000307
171602,0.99365014
728780,0.98719853
778419,0.9819281
280456,0.8071211
612232,0.0027044164
246940,0.0011860264
688199,0.51653135
666141,0.10380186
369803,0.00482812
221018,0.9697565
801848,0.05670756
872322,5.7671503e-05
553791,0.9949621
101532,0.005398191
933595,0.0030467429
276642,0.7920484
299048,0.00092502695
626518,0.6201908
165747,0.35811532
775822,0.99317354
297270,0.011107667
247582,0.40898964
278067,0.0017242113
517529,0.0004806597
750971,9.112117e-05
909780,9.525991e-05
499454,0.9747825
838657,0.9851983
595681,0.99883026
651693,0.0017843642
799508,0.88858324
936541,0.061590966
587446,0.9937118
699416,0.012009105
862289,0.016409842
170700,0.30074772
557314,0.1271382
913774,0.93094563
731546,0.0036802902
229136,0.99666375
311950,0.058129895
745937,0.4649332
392576,0.063977495
918333,0.015647827
489033,0.0014365161
595528,0.5670769
810637,0.96102816
637154,0.00010215285
484505,3.0056912e-05
643178,0.0029363278
822049,0.9450485
343753,0.007600527
252091,0.00097049976
246531,0.000104328865
889991,0.97850287
663607,0.983547
987794,0.017244475
295498,0.9778503
308665,0.28223825
761315,0.21980937
164338,0.008074669
433856,0.007825398
304555,0.00019007956
621344,0.6044882
451739,0.9384904
461058,0.00034659376
533393,0.00030223542
395393,0.992025
311289,0.0038450526
673753,0.39475238
663260,0.92994046
685535,0.8701631
112905,0.00021985838
631074,0.00033076518
633742,0.9589967
848285,0.00026561267
115198,0.5501331
582772,0.00011487388
799472,0.0007045634
963576,0.91341513
377398,0.008499991
679228,0.9331218
726392,0.023210375
423660,0.008178657
986038,0.96207047
512858,0.9307297
972516,0.0047987183
627226,0.41274256
931089,0.0002761421
341042,0.9551947
515230,0.64701074
881715,0.93282956
601017,0.9958572
321196,0.00029586093
238140,0.025011942
454706,0.90667754
713685,0.9425383
586034,0.00038029635
363145,0.0003314685
618546,0.880293
389900,0.9964216
697304,0.9704807
123977,0.001139369
213100,0.72835857
637906,0.9951676
146276,0.018060476
394873,0.00060475117
812136,0.90667754
470706,0.8446914
938544,0.3598417
518216,0.9242498
112732,0.9980414
723210,0.0077747772
145131,0.07380218
163291,0.8795197
644061,0.03767478
621022,0.9925
492464,0.68856996
445399,0.00022916887
296809,0.00030260044
988595,0.010814413
240798,0.010099483
903961,0.00019710627
369055,0.0027938252
837376,0.025818722
797247,0.00037122561
909283,0.00018880429
487503,0.099473886
432880,0.00031500327
347344,0.0025773507
631011,0.013122488
838035,0.00031857274
233326,0.0003051397
998191,0.0006069657
140839,0.00066440646
163183,0.0018908934
104246,0.97733384
444288,0.00022700767
523575,0.00041183905
992584,0.00030432997
110841,0.0009114154
224396,0.00035210766
543884,0.9894153
351852,0.014493359
661206,0.03961884
851891,0.9818007
935605,0.14640251
345366,0.00013257742
741977,0.9664061
979407,0.9989285
789393,0.016730547
166529,0.5746424
944526,0.00081616436
698217,0.81219405
888132,0.97504336
499987,0.00077567855
507036,0.028623216
682545,0.8995257
941140,0.7331482
763744,0.998058
520328,0.0068757893
286421,0.00050382834
949283,0.00031857274
133992,0.00018728296
291753,0.16215043
229161,6.379196e-05
117244,0.000104845574
465229,0.00021429846
203486,0.0002239538
326573,0.9770195
144256,0.00032406027
376588,0.9271571
236418,0.998309
650667,0.34068674
758561,0.00038790633
528452,0.980338
529232,0.00031857274
357509,0.00030005857
354780,0.84315467
505467,0.9815714
239083,0.015936492
297698,0.99520975
237937,0.9899536
897992,0.9988562
800520,0.8575667
733861,0.49951985
348989,0.020433005
248035,0.52733564
960606,0.0007549152
722377,0.09427281
740064,0.8983237
845026,0.9821269
482088,0.00038604595
490281,0.54552716
497069,0.0033117034
779225,0.9063153
761553,0.00014365588
906561,0.0025650326
371436,0.020855306
495787,0.84007293
402118,0.00020537824
955611,0.0003051397
121676,0.95655745
227388,0.9972682
350606,0.00031857274
304200,0.55950034
404246,0.9985721
801096,0.9985713
274785,0.10695265
217132,0.00020537824
895601,0.9792325
812539,0.99149936
779017,0.9948832
215787,0.8575203
563398,0.00018728296
749160,0.00014544606
674540,0.00030005857
659728,0.00031857274
757189,0.00038790633
689372,0.0002144209
423537,0.99538654
537341,0.18915346
894533,0.33847144
678090,0.010487448
391989,0.0003457135
589249,0.00038790633
304628,0.00041183905
228253,0.00039447466
155649,0.0003051397
740952,0.00030862127
574638,0.00013444104
968372,0.00039447466
141599,0.0020687152
164313,0.99485636
316324,0.00038790633
225653,0.9181396
467858,0.92480546
957244,0.00038077138
909711,0.00030005857
547450,0.0003051397
155393,0.00041183905
853691,0.00041183905
643292,0.00030005857
667379,0.01238589
328596,0.00027725246
326099,0.6786048
991022,0.96768737
148780,0.00018728296
181059,0.00039447466
983054,0.00031857274
764549,0.00039447466
743805,0.00031857274
182572,0.0033240784
309209,0.86824113
256945,0.006617154
364208,0.85985583
219308,0.9967146
808463,0.00030005857
483015,0.0068251863
719957,0.0049365563
622458,0.0070616887
479239,0.003998143
658803,0.012208254
383716,0.9397908
959374,0.00031857274
193006,0.0003051397
779190,0.00043899784
248013,0.00030005857
769040,0.012453394
700789,0.00093539065
729781,0.086027615
623324,0.0010569904
346213,0.7546591
777238,0.0095824525
705131,0.00023292012
215236,0.00034700986
168824,0.030524254
656882,0.57813245
833688,0.91974056
601450,0.5671147
819939,0.94164515
480045,0.9682413
555018,0.6874603
771178,0.8780924
901933,0.8407889
461158,0.51648664
665516,0.60789603
759386,0.055027217
552270,0.0009637181
322528,0.30338436
607857,0.0019626066
816104,0.028408835
694671,0.86404264
267882,0.0003051397
432744,0.004628259
376603,0.0003051397
258483,1.7822587e-05
487008,0.00030005857
329894,0.00031857274
271402,0.00019933684
459663,0.0003051397
400311,0.2602101
910344,0.9949704
746951,0.15185031
387938,0.33793762
699923,0.74156487
195230,0.6411193
133230,0.9719001
833416,0.23073462
267364,0.5618685
711970,0.0029087327
789203,0.96549815
857018,0.018404856
538715,0.004102892
541007,0.0029535957
455878,0.08566451
302565,0.2998327
985370,0.00014354195
560456,8.819175e-05
603173,0.15938388
628457,0.0025773507
388268,0.20389712
251154,0.9558383
424852,0.007980793
105199,0.0020581833
992312,0.9101447
765209,0.87800735
108127,0.00018419772
425351,0.87438625
638074,0.0006914097
659565,0.0051828073
558517,0.0027888785
547753,0.9262701
976655,0.67433494
917797,0.2695878
703168,0.06533221
525508,0.0047015375
128979,0.0017714503
548717,0.9504293
312578,0.8258036
717243,0.21535474
865931,0.033534832
255378,0.9011318
512087,0.53590304
943939,0.008868261
474993,0.00013062486
265274,0.4396209
989840,0.9980513
317290,0.9980513
552499,0.919642
291362,0.6697917
345996,0.9402118
782923,0.00071172934
773197,0.0026085568
427097,0.23230979
578686,0.33315238
694071,0.0133003695
612874,0.0024671755
780119,0.13182858
800968,0.21746074
726263,0.0010664576
137958,0.0011776744
418725,0.027253656
694951,0.8391904
440071,0.18719849
688031,0.017544774
697105,0.96251625
663987,0.9062326
722267,0.0042921146
912466,0.0003599004
117827,0.016939553
627381,0.37394533
210123,0.998052
804417,0.0013881935
249044,0.00035066434
165171,0.0009148752
141470,0.9180764
174004,0.4715818
881535,0.33516482
310244,0.014302201
664857,0.849058
128106,0.0016152614
442925,0.0016152614
415689,0.0641839
441444,0.8428031
915995,0.0009615024
186868,8.5671854e-05
328068,0.0024692547
396240,0.92773306
115012,0.0025725497
562816,9.631737e-05
426816,9.428919e-05
156416,0.67597455
835789,0.17756435
954246,0.01316047
258913,0.7026943
998623,0.77310735
129586,0.8895151
169344,0.7825482
684276,0.047706697
802937,0.02362911
929918,0.982851
672763,0.95864886
471897,0.98437035
252316,0.9472134
822779,6.0609254e-05
632920,0.13013256
273794,2.3292574e-05
625871,0.010889141
872364,0.6920658
931309,0.9813721
235250,0.8959772
793601,0.00017938098
714141,9.056304e-05
275343,0.0016419198
897489,0.88957787
363346,0.8676268
534474,0.020114962
530299,0.0020702858
704580,0.00029586093
949340,0.99623495
583849,0.0008243403
397235,0.0035233966
403444,0.2557638
402929,0.46809235
394105,0.00027051114
945754,0.22298656
440167,0.34824824
225692,0.35141405
397673,0.0006918764
408992,0.013193946
293886,0.006969502
856831,0.98542017
264460,0.7951037
242026,0.99095505
951891,0.00051655626
297465,0.94221723
467538,3.123993e-05
921806,8.526605e-05
512517,0.98511434
166936,0.0010255954
223401,0.0008194506
750322,0.16709755
617996,2.0796431e-05
360804,0.99330926
678468,0.00046814574
837112,0.9777085
871021,0.0020273023
125424,0.97819066
889824,0.8684616
691045,0.007243067
673407,0.0008071751
888960,0.036348864
533912,0.0002574263
579941,0.0017784999
409871,0.21094412
681822,0.4341091
149723,0.23059992
776650,0.8500698
387050,0.99333537
236108,0.9960175
715484,0.62881505
835544,0.08405093
991425,0.0033987064
265588,0.7605758
661455,0.8756066
432661,0.0019567925
917059,0.21783052
895195,8.080604e-05
354408,0.3806655
531087,0.012641187
519258,0.0002903274
870206,0.00033041535
427358,0.09011536
192431,0.002310217
930198,0.0005285474
558220,0.0012699981
468428,0.000574893
675479,0.00037208837
259936,0.0020298634
334962,0.00032657772
609563,0.9907081
218868,0.00062712707
878244,0.000395787
177936,0.000395787
234034,0.000395787
292807,0.15586378
644860,0.00038301747
747278,0.00037208837
150383,0.00069343095
241843,0.030832723
209383,0.00023398786
602991,0.00033032525
546617,0.005735122
590750,0.010114095
713150,0.00033032525
407950,0.00037208837
549833,0.014953665
617178,0.0023972394
963126,0.008013772
650085,0.0010316927
755205,0.08908502
961581,0.15361187
790441,0.09036135
921538,0.025827818
777068,0.029727342
772701,0.5819776
137422,0.0029253296
790299,0.0014495461
741511,0.07651151
793809,0.031450596
637234,0.024394244
298244,0.07600798
754068,0.22602944
688977,0.26379475
334116,0.2496974
154853,0.025132686
443638,0.93341666
629900,0.00025634913
302111,0.071367815
928690,0.13618644
277360,0.9744409
177610,0.9923808
231504,0.0017563048
526188,0.08073548
414483,0.039594926
751758,0.09327336
536669,0.0150043005
289363,0.03343121
605280,0.039504036
629876,0.38506958
524835,0.02241787
370775,0.16643578
578814,0.00050457806
407255,0.062383074
844047,0.0023173399
422934,0.0033391183
203732,0.045993127
918156,0.01135195
224391,0.6041977
481583,0.045479417
643564,0.60897917
807315,0.012913798
678841,0.63695425
874463,0.837421
636587,0.0010889118
665870,0.034126524
756589,0.05532685
892787,0.060897924
177512,0.021595964
573012,0.14355864
691298,0.0052461377
919526,0.90506405
646457,0.98802024
825394,0.022617366
210048,0.00022916887
954266,0.4946857
207937,0.009996865
866153,0.0038382895
687017,0.000523924
504830,0.7700359
282415,0.50958365
462032,0.009480227
225823,0.15759104
763018,0.071686864
295578,0.97287774
639228,0.9102732
709562,0.033942927
470809,0.016168559
158133,9.389727e-05
933475,0.5078286
742715,0.0012611372
174475,0.111819334
779273,0.00034022608
660358,0.0013253354
391372,0.0013253354
462792,3.917008e-05
130354,0.00052045076
799631,0.7806474
933470,0.8074571
709779,0.00032879453
206135,0.33478048
760387,0.0061473553
908400,0.03116925
314459,0.00031341918
311839,0.049664486
940007,0.44679308
505747,0.003892047
725424,0.0019493632
705100,0.0042601055
369509,0.42619956
284860,0.9211857
167335,0.9365686
783162,0.0004232369
732308,0.65115494
744883,0.9503089
825392,0.92913973
420723,0.0012952584
488152,0.0010121805
612763,0.00029045728
127113,0.00017788756
912579,0.0012237191
163117,0.00060475117
718536,0.0006797224
702707,0.63967663
725780,0.9972978
919971,0.023534331
990394,0.0022907963
986692,0.1328666
773777,0.057479028
133167,0.016627908
122197,0.002894907
563042,0.0016382352
386250,0.1308275
766985,0.29651988
605834,0.004102892
487525,0.0032393178
758455,0.9845621
497227,0.98456824
887306,0.00034937114
653336,0.014555442
429069,0.13317478
257302,0.2737884
751826,0.0045687715
245187,0.986142
440900,0.0042503006
838877,0.011033424
518952,0.13552146
821981,0.007758678
181807,0.0006757411
688684,0.00047981148
412611,0.0008672067
754195,0.01086813
980847,0.007876174
965828,0.13894095
206008,0.0036101611
137193,0.056510437
721772,0.09470339
599572,0.25113067
441688,0.10882309
205534,0.36276037
815782,0.009527749
296806,0.023949336
826788,0.007622703
673310,0.00723735
528323,0.049288053
670219,0.05598572
815422,0.0008731313
220994,0.033421382
652434,0.00068155973
627743,0.03303615
284680,0.065822355
878609,0.022293111
771514,0.5085718
497541,0.1370281
266507,0.41787
825227,0.9625651
235816,0.7453815
892138,0.0017028521
723362,0.00022855768
548946,0.0311203
409523,0.0005250436
581321,0.9985057
557583,0.09398887
767864,0.29431158
153267,0.058936168
413662,0.027627997
286207,0.9979373
600312,0.05506608
541262,0.035170265
827698,0.022610605
927513,0.0008766689
750149,0.0003221483
974024,0.00030804425
188075,0.00097629736
172419,7.757035e-05
250231,0.7480515
708170,0.8966198
830125,0.46134725
364942,0.15335329
551309,0.0008256957
263649,0.00032877823
893105,0.00066786865
337662,0.0030836014
541345,0.88367605
891397,0.9367588
849802,0.0017323854
628148,0.98544544
435909,0.8685226
555024,0.01941431
910174,0.00033770083
766720,0.025998186
735030,0.049430322
624620,0.0064212293
301295,0.7069689
435381,0.0007623364
617859,0.90816003
498588,0.9855298
359838,0.41232303
871134,0.00020232478
181582,0.009809085
758202,0.76730305
244417,0.13527383
117001,0.061104245
622192,0.033830855
585169,0.0048564957
712199,0.0004997537
255194,0.39292046
695312,0.0028072738
194320,0.07067337
372778,0.008445435
904154,0.00048350147
279636,0.42565325
343826,0.41195992
288504,0.00042729077
685236,0.013119381
455061,0.026045125
825281,0.010333267
314892,0.0004127143
419519,0.0061167544
401794,0.0023386455
749977,0.033654407
314109,0.00035720214
421985,0.11140789
214800,0.0074211974
461000,0.69902563
777448,0.59646875
453089,0.010493605
246727,0.0003203053
832214,0.04488261
180446,0.0013532083
328517,0.011179164
505561,0.00018977803
247379,0.013821409
670579,0.34913588
157814,0.22965851
509839,0.00060133706
178399,0.0003651762
289773,0.00037415372
817138,0.00023288482
839505,0.06699762
432067,0.0012237191
769147,5.5813878e-05
348925,0.072080895
650114,0.004970863
908632,0.0006950211
340418,0.00019695071
810387,0.11305643
150687,0.34439945
471386,0.17903334
903700,0.05062473
208038,0.06932166
962996,0.0075253854
526746,0.06816503
424867,0.0023521797
783540,0.25732848
240946,0.0010141825
985328,0.9203624
332985,0.0010141825
361603,0.0035066444
199074,0.00034643686
909994,0.0028823991
332677,0.009849708
127047,0.00032086892
232716,0.00030320775
262597,0.00044205744
483966,0.020113496
475669,0.9736492
927614,0.00042307796
561115,0.873452
937898,0.88545394
429875,0.07198403
701532,0.0010141825
391431,0.0010141825
963410,0.00030385278
815524,0.0035311715
768546,0.00027657818
766415,0.0012883187
288208,0.0013861101
403103,0.0014789123
927916,0.00027610155
907524,0.00033435508
120991,0.20718879
984422,0.019737843
474220,0.084751256
245421,0.05571379
866780,0.00018132539
171917,0.036955196
705823,0.0016910735
871096,0.00039816165
221579,0.79457635
794032,0.028426247
669859,0.001399265
789464,0.0013722883
213515,0.00030385278
368636,0.20137908
697054,0.033963032
675981,0.00745199
591484,0.00039816165
198853,0.0341149
304234,0.16909392
152243,0.039752517
727019,0.0026439868
510478,0.00039816165
333883,0.0051528793
724681,0.0007531314
139030,0.00030495532
347171,0.88081884
271839,0.017033147
849825,0.004727658
408985,0.003714726
786160,0.0038288934
543892,0.0007231182
946632,0.00055998866
802052,0.00030531926
146795,0.00038326567
715739,0.31184065
278964,0.009356271
269679,0.011829787
574459,0.010196366
937996,0.078710094
261117,0.05529214
245645,0.0005892071
794350,0.939193
381363,0.13743155
735110,0.09893642
801506,0.24600922
978137,0.0001537737
697653,0.004790975
866634,0.1642937
925303,0.97947836
865637,0.34962213
983923,0.0011787108
773299,0.00024787014
671406,0.003172666
227818,0.0015425428
374201,0.0031792135
633425,0.004085085
655332,0.00025958754
497246,0.00023578867
843929,0.00042314592
816436,0.000474292
533776,0.00014883239
521534,0.00034127128
910665,0.034456976
451092,0.0004370077
811445,0.043199904
448745,0.0012733956
161176,0.82794666
339644,0.6830451
322083,0.056576326
118845,0.87800395
243418,0.00045308637
541514,0.0016946249
950876,0.0030351966
604570,9.622969e-05
828263,6.53763e-05
559156,0.662307
260977,0.021161558
379396,0.00036617357
895348,0.007595853
730660,0.44541445
879441,0.03755927
241918,0.116036244
981494,0.7350169
647796,0.5076539
984617,0.002932395
171201,0.0005988571
776360,0.025930105
663764,0.3035309
926546,9.338134e-05
298267,8.550291e-05
545963,0.0049222913
846141,0.014901225
525725,0.0013553558
394553,0.10172788
913629,0.020724496
458037,0.0042903363
592794,0.00032877823
963341,0.0003823311
395790,0.0054651597
929371,0.00081696187
175452,0.107329726
746894,0.032072045
826936,0.54728365
955895,0.7571229
115758,0.004482957
729132,0.16882366
361115,0.002579531
269289,0.07655798
698961,0.10276427
177443,0.023270525
977566,0.0021022123
321729,0.15287927
686374,0.0043738857
275276,0.001476698
288572,3.3806824e-05
365849,0.0024304457
259037,0.0076737646
583775,0.004762741
808079,0.024789771
184689,0.014122574
109511,0.021213237
626197,0.0005911895
155002,0.00035828273
141304,0.003880718
115140,0.0031782358
238017,0.0015069692
110602,0.95689136
540044,0.38906473
949586,0.0036976314
358321,0.0038888054
198629,0.0039332043
305379,0.0039749024
399254,0.00040303063
492964,0.96006066
793710,0.00029586093
769118,0.00015845994
118672,0.053630646
656002,0.00029586093
661023,0.0010141825
873281,0.9907664
243300,0.026400566
755047,0.032047797
116388,0.011430042
554928,0.991597
358690,0.95402485
279912,0.061172776
285447,0.7334462
858536,0.98564106
996827,0.7807859
924108,0.99019754
815900,0.9615421
840838,0.0046445127
624785,0.0011658686
959669,0.0011463774
248557,0.0011463774
785728,0.7159734
684791,0.97393316
392335,0.0006996335
829535,0.999406
917009,0.5906887
700904,0.011821239
728608,0.2793147
556674,0.9982644
593224,0.37146065
175111,0.0055107162
486132,0.9966455
277781,0.9992888
604571,0.22700839
745599,0.24749035
614030,0.7943085
765405,0.9469262
832631,0.0021022083
979219,0.99595475
426929,0.09537115
891240,0.0028913084
560633,0.9998017
651409,0.9982576
872246,0.012111472
609841,0.9902075
204518,0.010116559
437522,0.30814302
919624,0.19242182
928167,0.9942689
224504,0.98898965
927835,0.84719276
636987,0.97543484
275786,0.0025463316
128048,0.8327655
539831,0.24527554
587946,0.35990533
648360,0.9059781
447665,0.00013817633
676499,0.8617516
321454,0.9989936
404589,0.90108716
515756,0.7129641
133808,0.7109739
752269,0.83145064
612176,0.359105
685428,0.5035203
990913,0.27364478
567096,0.9376455
616510,0.014200554
613637,0.96516997
813364,0.8456791
320770,0.44727612
489390,0.011086653
765990,0.02926313
195841,0.99384165
374537,0.99962485
876512,0.96708184
303992,0.81215215
164471,0.9452136
216011,0.99972814
515413,0.03515273
624734,0.018523693
955816,0.99663013
760351,0.95546955
441961,0.014764224
483768,0.8437998
156612,0.0078540575
957873,0.99866927
716511,0.10175855
446044,0.97340864
985602,0.009033524
668666,0.00022599222
377213,0.8608928
704790,0.7990275
397193,0.8754878
766974,0.5364869
694287,0.070336066
470523,0.99791306
332033,0.00063878
665695,0.8128081
542966,0.9583965
846045,0.99335456
621791,0.7712173
100355,0.97271615
934162,0.9263078
529203,0.99015313
422762,0.9874906
900459,0.7754527
257164,0.9846394
121537,0.9461556
756993,0.73494834
643387,0.33163044
850891,0.83716816
393716,0.009084367
312943,0.9564448
331916,0.82729006
502074,0.86262536
397976,0.00011772483
967548,0.8008821
895906,0.96355724
361600,0.6954534
199332,0.86228466
284402,0.9963702
895393,0.99080867
685970,0.49812746
540633,0.9572573
751049,0.0041422998
689836,0.6225222
514875,0.97784024
244350,0.00035204372
108328,0.0078090033
316895,0.95314854
258496,0.0018395021
523342,0.9897921
948239,0.71438503
312951,0.98969114
244127,0.018207673
791150,0.8840004
885108,0.9589829
100046,0.92408824
641295,0.47625315
429912,0.008516065
703679,0.6036136
887462,0.98717296
688256,0.38647065
748612,0.97843987
792287,0.5573966
603306,0.9963595
420721,0.9912656
627729,0.4521142
327354,0.69847476
533622,0.99187887
692467,0.8040637
697769,0.42430764
912098,0.9985197
462289,0.99133897
773660,0.974
609759,0.0057698316
943470,0.9646671
972597,0.0030182293
461485,0.9918229
331784,0.0047801035
134307,0.94036007
986560,0.93757194
236266,0.0106670335
400716,0.98270077
552938,0.108265005
158229,0.06790519
937881,0.00032599323
803307,0.98043907
357393,0.991284
196327,0.618494
936581,0.0046032993
727563,0.94421464
490466,0.9155655
659459,0.99244714
133457,0.9921389
323730,0.0075220563
256617,0.99538344
978505,0.9277821
866788,0.99642366
686645,0.00856925
345945,0.98313624
715340,0.8176932
550298,0.00053433294
808921,0.0010515973
155047,0.9076928
308561,0.9701212
492440,0.89167887
806302,0.9640826
940283,0.9986541
227704,0.99903095
686518,0.99977165
767844,0.98219395
775489,0.9930502
734480,0.2208847
508726,0.82970387
835910,0.3306888
802844,0.6130251
124703,0.017565854
756938,0.88159907
965272,0.00075607974
613531,0.21355674
591467,0.0030306675
569434,0.9929609
166732,0.0009160505
555421,0.9785241
588533,0.051598005
772042,0.99824
553538,0.98274547
725734,0.00028998856
172194,0.9768126
666486,0.021790225
285248,0.5819033
995646,0.98275536
499084,0.84451145
465911,0.9814207
619176,0.9977309
783139,0.93985784
266838,0.9836357
240995,0.8996844
566189,0.3899046
143950,0.9953324
632434,0.9592944
909239,0.9955231
885989,0.051744167
702384,0.99473095
395166,0.13945612
901397,0.2683252
776786,0.026967047
349682,0.0024452135
658826,0.988177
458692,0.9520589
190969,0.9948704
743806,0.00029876005
990349,0.9984357
313772,0.97800076
387088,0.689252
195380,0.98426825
390233,0.99903345
122524,0.95395815
528204,0.2183447
289328,0.97840524
529509,0.304138
430758,0.99539304
561180,0.9902138
253130,0.99888057
262689,0.86730295
449528,0.20787862
736882,0.00031805775
418822,0.95581794
434034,0.42178166
880153,0.94742733
418124,0.0017311012
784505,0.19329081
459329,0.9861016
516189,0.96750647
923730,0.031978667
716896,0.1663094
155576,0.88515234
290140,0.9956559
196942,0.99748033
545488,0.005115527
288761,0.97903264
594325,0.8152883
679424,0.9734779
167823,0.9805886
479928,0.9839581
489484,0.9047055
930323,0.0005327683
330519,0.9508318
925755,0.8957559
338276,0.47213912
979545,0.81798315
746545,0.8910264
637674,0.003218029
855613,0.9974118
265535,0.98902416
644190,0.7583992
422936,0.9975821
953760,0.9961677
223280,0.99686277
141058,0.0027269998
382020,0.9874192
599771,0.99750286
211765,0.9922271
188550,0.9263484
873892,0.9066798
804658,0.26351535
775849,0.04036735
668761,0.99715495
805173,0.9858758
646721,0.9262903
111176,0.75651735
829076,0.00038601045
407554,0.94267815
202618,0.99499464
961913,0.9937696
532892,0.44200054
736662,0.9963923
397576,0.9991738
354840,0.99935967
418011,0.00423119
308721,0.9991308
156371,0.9723681
444880,0.3145216
768904,0.51718193
764796,0.6591415
923424,0.9152851
459221,0.9993924
838601,0.9994229
703208,0.98796785
442836,0.00026938436
170381,0.9989378
438015,0.94275135
510666,0.9528517
577196,0.99643886
169496,0.9880592
453347,0.99830294
171967,0.0027578874
945409,0.99486005
222094,0.9870406
593351,0.46530613
567455,0.99773204
751499,0.98582274
167300,0.8323162
857131,0.8778409
784099,0.9410903
225355,0.9804608
173526,0.9374067
777563,0.97013634
314881,0.99908817
459830,0.9992194
901985,0.99914145
725707,0.49263105
959017,0.9768892
197851,0.9561087
402685,0.8451218
851722,0.1525644
482065,0.9992778
531856,0.9375487
452467,0.5651491
203880,0.9860175
932793,0.97568697
682781,0.99200445
890767,0.99949455
472089,0.9045529
638088,0.9865557
420145,0.9891382
778396,0.9931972
639630,0.9895577
136569,0.9994273
596524,0.97651017
830595,0.99910814
225742,0.98846775
874379,0.9949067
365571,0.0042432873
654527,0.044689845
695073,0.99629587
298355,0.97570896
121092,0.8379523
832169,0.9968508
793089,0.0034438986
883269,0.9657651
219999,0.9998783
817411,0.026981553
837574,0.9841411
720886,0.36886802
157311,0.99917465
379673,0.9886009
922167,0.9439473
418609,0.9918371
128881,0.9988361
785724,0.989606
364011,0.9878905
895731,0.9304109
516229,0.99361897
176993,0.7487186
862341,0.99269086
182216,0.89004225
751410,0.9753069
920570,0.9998841
528773,0.9743103
898745,0.9280631
681615,0.454414
269821,0.9468558
864110,0.07059651
688587,0.56639063
110410,0.84353864
474332,0.96737593
415748,0.9498365
993258,0.99985623
613056,0.10308003
796944,0.9229298
548663,0.95539284
389632,0.98531413
481460,0.99961627
699142,0.99854004
412650,0.9739299
445904,0.99648345
758102,0.9073853
602544,0.98480415
109525,0.9515292
713897,0.9912158
548159,0.9843687
519851,0.0013142057
309927,7.997269e-05
246787,0.9961676
992122,0.999723
542365,0.087228246
460369,0.6991367
873933,0.99991524
537537,0.98477244
908481,0.14195468
512528,0.9993486
844674,0.96204346
483992,0.94436496
487737,0.27878347
145304,0.99648595
583746,0.9996791
127370,0.9949517
928016,0.87460774
895315,0.9954726
844622,0.98058504
314388,0.9735483
404611,0.9440027
130333,0.90790784
298106,0.21295246
712389,0.9987967
533855,0.9957681
366357,0.9766926
830707,0.9460319
241264,0.86332005
692924,0.984259
647535,0.99645495
705870,0.9747604
546873,0.9976666
647571,0.76977545
497883,0.9795752
343745,0.99688524
625687,0.9727783
407801,0.9781411
370975,0.98946315
439152,0.9167532
712440,0.17679071
774192,0.05159291
963723,0.99852645
851780,0.9994124
126435,0.98949945
357295,0.00031467696
641921,0.99935335
628135,0.9914234
231469,0.9875288
984155,0.9997421
736149,0.005101021
893154,0.9770726
320304,0.81539744
748355,0.9312803
253540,0.9891242
257241,0.9984402
842150,0.71256286
340655,0.032788668
381384,0.9779805
838128,0.38045844
710943,0.9360631
126090,0.9819589
707396,0.8557233
929684,0.9934221
110047,0.99904436
139894,0.9986278
868405,0.29948127
803560,0.0010508697
313592,0.99035186
377297,0.30602336
746357,0.9966717
368339,0.8382806
479602,0.87949324
198552,0.9935383
169192,0.9631909
415849,0.8927327
816623,0.78925014
810946,0.9986713
933679,0.9905133
584226,0.99782383
305939,0.97787845
963268,0.70406157
533168,0.018080143
255810,0.9950782
467921,0.87809587
993034,0.03982393
216071,0.99940574
112364,0.9955043
597942,0.0409201
294928,0.97862214
133569,0.9993135
383596,0.99863064
199982,0.0051523806
982962,0.99847716
196021,0.0068974392
702429,0.65586495
905025,0.99979335
494939,0.95026284
146849,0.9902632
375630,0.9426577
634343,0.99911696
866135,0.13895616
737391,0.8032613
217453,0.9992507
843477,0.9974832
536211,0.9882593
305594,0.9990357
866424,0.5910489
350973,0.98842573
522874,0.9967001
309839,0.9935179
211515,0.9964734
301993,0.9946985
752195,0.9928422
759151,7.4629206e-05
414148,0.123256534
499414,0.9988691
821615,0.99915934
826148,0.99639964
235068,0.39104405
181351,0.99713814
326274,0.97470605
154916,0.999861
317840,0.99987495
554800,0.47952116
330453,0.027793285
935609,0.9659466
381367,0.9595697
739224,0.88730145
717817,0.9997217
638524,0.16757876
323089,0.9024047
503346,0.9994992
545207,0.05248268
161626,0.8070598
886214,0.87699306
785585,0.9821891
423938,0.96582097
703399,0.9686846
637351,0.9331717
761977,0.93662876
611321,0.2966165
741351,0.00068431936
915305,0.90166473
465547,0.99800414
910754,0.97246855
642234,0.9986266
242804,0.868298
491545,0.99831057
146172,0.3473367
448341,0.99627066
297856,0.97719646
214598,0.9583814
610591,0.99600047
484065,0.16297199
979431,0.8614701
634735,0.9987268
453690,0.71401364
795213,0.8442769
136288,0.99841166
894691,0.085249394
306292,0.028051006
206556,0.84566355
289854,0.050550144
572028,0.9908382
322873,0.9746338
984326,0.89285713
662995,0.96554726
300111,0.0062432173
878582,0.9991192
144757,0.90111107
262778,0.8961491
949574,0.98818284
435430,0.9991358
780973,0.8297731
583123,0.0026968366
470720,0.9998441
127569,0.005922596
564007,0.6594495
511418,0.93976325
534897,0.4931122
781129,0.9988586
432666,0.78874606
583749,0.99698716
113333,0.8393864
472065,0.9838166
755922,0.46784297
760465,0.20400901
349566,0.734429
704833,0.3442418
310644,0.0006534057
845811,0.99836046
511823,0.98893857
690672,0.9995616
409476,0.96669936
569908,0.9815555
736751,0.23247486
177543,0.688571
311262,0.9365724
320337,0.00250363
711999,0.9956033
119642,0.99885035
941427,0.00032072942
567977,0.0003712734
305952,0.98553526
164330,0.98408604
827469,0.64138275
132078,0.9955664
267966,0.22444879
618666,0.9968177
290598,0.95995706
259097,0.19364148
837519,0.9565387
715929,0.9984665
201305,0.8778234
624784,0.47242433
986965,0.003951961
920380,0.94937736
336725,0.9802039
708187,0.99923253
235953,0.0066865487
879948,0.9120495
611954,0.99889934
614592,0.43276036
744800,0.0008218137
733471,0.020560522
740984,0.008563382
705182,0.629705
518492,0.9849054
905811,0.9925547
717031,0.77725565
692792,0.9920288
463431,0.025300086
611920,0.0014723878
298014,0.9998784
807588,0.8918802
886735,0.8879196
221995,0.77178866
218939,0.93986845
542773,0.9862729
585510,0.7916104
310372,0.99003893
122606,0.8819889
385862,0.0047957813
831146,0.9977004
837712,0.96303886
757903,0.007861101
837043,0.7314837
657113,0.9992908
667720,0.9566194
628236,0.99830854
624188,0.07083922
300693,0.3339408
642428,0.009776515
412528,0.020048097
662173,0.19686335
841677,0.8423412
724384,0.5992893
502495,0.7354101
620360,0.9753028
980403,0.90699565
410909,0.9199882
875663,0.99920255
163369,0.98735154
560190,0.968072
814255,0.68406934
598805,0.39276782
934964,0.99988246
612144,0.999635
276054,0.9490112
425580,0.83238256
648017,0.9783698
928379,0.968543
242269,0.922266
965129,0.8839735
393410,0.8804269
495854,0.49593204
427443,0.9993625
957286,0.9913629
281423,0.00023101959
469860,0.93884706
508294,0.05178773
825173,0.2259868
610894,0.97775465
184840,0.020709245
482534,0.09075174
665268,0.969232
693227,0.6605517
706773,0.0038664257
343637,0.00059360656
879791,0.026905281
752526,0.02211443
307120,0.9957749
271039,0.9609297
128415,0.008926832
818251,0.21956141
145008,0.08302411
984885,0.98710155
540014,0.6841346
819631,0.011208562
876460,0.6252217
295802,0.0011445115
417399,0.9959889
666046,0.98754776
257154,0.9925936
574509,0.9977202
231734,0.0010871425
763217,0.8473714
432369,0.1112059
755427,0.8665691
353596,0.84674287
236584,0.9671743
499072,0.9988452
721601,0.90425205
809087,0.99394083
136393,0.036979795
853517,0.9872463
945090,0.98615915
592427,0.00010631039
126584,0.99987614
154903,0.985154
479222,0.9381694
326437,0.9904321
181480,0.3624926
825437,0.977028
365759,0.99800617
363141,0.99694747
420471,0.7259883
495759,0.9855246
446920,0.9048854
780408,0.25520346
499081,0.050885934
913333,0.0018773673
721982,0.9798177
633899,0.0011170837
693685,0.5006507
602956,0.403559
660689,0.67633885
941592,0.004007243
684284,0.97042906
356653,0.003172805
465954,0.0010440686
474427,0.052879397
636275,0.45278656
923632,0.9728625
669851,0.9543879
147682,0.9977133
823797,0.9763424
121400,0.001087026
394685,0.99808806
204925,0.9642646
635994,0.9971029
172408,0.76510555
263887,0.9839214
176510,0.8683151
214226,0.9924194
342215,0.9942179
951697,0.9896818
551055,0.93760556
859568,0.9282302
438382,0.03356314
299855,0.773076
183564,0.7913084
420134,0.9458598
972024,0.99963605
702038,0.00058660546
824721,0.99899167
392271,0.9937655
645613,0.56194866
765106,0.0059997984
278402,0.9769934
349774,0.0045607765
815164,0.93645716
524083,0.7809492
151896,0.6509121
688029,0.976846
780279,0.9648587
657276,0.9884029
933199,0.92060107
995073,0.89753777
622077,0.7514234
807889,0.9816959
514755,0.9882107
513655,0.0014151974
107371,0.93925565
288170,0.00030135096
681872,0.99665797
559373,0.7839305
593937,0.9758567
365669,0.2891077
423615,0.96913147
733542,0.64001465
883328,0.90621483
978575,0.9809405
706336,0.99909484
919692,0.40467975
153645,0.00057791604
672185,0.42439172
327846,0.9775378
212580,0.708187
308534,0.010358791
922478,0.9597013
962358,0.99132174
298120,0.9480998
370144,0.00438509
387619,0.98593265
742489,0.72103715
596205,0.98363644
548221,0.95947933
414296,0.9676293
359126,0.9876819
229538,0.99875474
668632,0.9374377
529181,0.048204884
271908,0.9842254
977949,0.9175972
948558,0.9543967
123774,0.9391128
303606,0.9800305
110533,0.51086074
627789,0.86080503
929495,0.98551905
515576,0.17459661
553413,0.85462946
814961,0.40515324
942972,0.16189624
872771,0.036275532
266326,0.9899783
801478,0.98328745
101204,0.99564976
719359,0.9965699
563253,0.99389535
522534,0.086557485
546447,0.3208438
340840,0.97036684
963232,0.6955348
102279,0.99891293
694049,0.97988635
731671,0.30937538
919409,0.8343704
366247,0.12753034
223989,0.9954477
187654,0.95556325
389075,0.00016123432
109190,0.98675716
730685,0.7008054
275979,0.9246126
543472,0.99716777
522266,0.991017
253640,0.057077017
194281,0.97457165
854210,0.99527574
678276,0.3918455
185059,0.98781234
185273,0.033500902
631628,0.8232289
481574,0.99602854
192176,0.88731843
821517,0.9320054
886677,0.95834875
485175,0.96443075
597678,0.020725774
563413,0.48957556
131384,0.19629173
528863,0.059937425
911414,0.2221254
488582,0.99633574
305087,0.9899311
404859,0.99937844
848056,0.96985203
952729,0.96652937
322115,0.90463245
206351,0.993256
106497,0.92718655
191981,0.054839462
977328,0.48232934
587221,0.9997991
270018,0.18418899
113391,0.9873422
817447,0.9956845
564863,0.9913668
824813,0.9826141
616039,0.99588686
125290,0.9866318
837913,0.9935755
120292,0.5945387
229866,0.010125087
602930,0.98752093
586572,0.0959048
616488,0.9628065
129548,0.7833182
777995,0.97552115
979916,0.014303182
891951,0.00693829
327484,0.0019518046
417241,0.3937158
565793,0.8551781
838933,0.9883505
151975,0.9976174
217204,0.9926524
335557,0.9882464
903726,0.99683577
897668,0.9061941
426446,0.96334875
472368,0.99451506
765768,0.95678353
668315,0.936894
748292,0.9751923
497339,0.9142282
564642,0.0074386075
325553,0.6566656
258522,0.6247533
944803,0.020129668
646570,0.68153733
571260,0.95908606
617522,0.5149371
381908,0.94546235
299370,0.93654865
539348,0.97325844
720558,0.84329766
907064,0.6925837
410916,0.9193218
281978,0.9994455
491261,0.9992949
472861,0.0030530104
622154,0.9488911
925308,0.9836909
869562,0.07491719
136111,0.9931774
698888,0.99097604
546332,0.96274334
879788,0.9948054
464466,0.98081243
869500,0.92327654
185828,0.97452646
663551,0.18793702
656963,0.0064272895
178460,0.9805901
821810,0.93075293
410038,0.9863181
426828,0.9906308
726279,0.97075135
462909,0.72039986
900502,0.005585413
537879,0.0009792873
376276,0.998071
714151,0.9729226
475509,0.001274617
171352,0.49831697
165689,0.3843773
155783,0.96783274
446914,0.9979856
597103,0.9794883
455980,0.9981567
762498,0.06133126
351765,0.9704779
927363,0.9478876
760588,0.8351501
172483,0.94404
420228,0.98771846
414861,0.8880506
477436,0.00961001
251088,0.3240861
598012,0.00045162995
156805,0.9545842
379207,0.9959942
857605,0.6210349
776851,0.8214019
361854,0.0002091673
333548,0.040165957
193213,0.8787625
322942,0.22820024
236975,0.9282623
215658,0.96853393
157022,0.03509441
955450,0.98795587
288789,0.056745462
173718,0.9988611
556716,0.962883
437612,0.9864075
275864,0.99719465
832969,0.97934455
898404,0.95750344
856774,0.99136376
577565,0.9695202
584654,0.970394
687247,0.0002463101
150748,0.0017621539
724614,0.0006228333
818516,0.98007053
509051,0.6482165
703500,0.1167636
586537,0.00046395644
453462,0.78594494
305736,0.09875792
146257,0.006243614
630894,0.64736223
679096,0.9910019
721304,0.9514014
107959,0.80143064
852263,0.93913096
561620,0.054643556
532060,0.84418815
431232,0.17637815
801814,0.7916092
468883,0.86580956
284060,0.732684
947905,0.96620464
962087,0.016073316
789852,0.8246309
743505,0.99750996
112291,0.9647459
681384,0.18724002
547289,0.99723524
516533,0.9428253
805363,0.5924742
385265,0.00348876
195842,0.021880424
564034,0.64559346
890163,0.9795059
804255,0.9422316
282490,0.13059682
126528,0.029226722
881701,0.7957296
970652,0.98983836
354617,0.9740112
258405,0.1390547
867340,0.93221897
250724,0.019868016
340846,0.56633985
532620,0.87697434
807300,0.9089854
265589,0.7444414
653407,0.06686519
433335,0.013989681
951281,0.819498
239023,0.92354304
413968,0.8614996
283657,0.99924964
442616,0.9066405
664806,0.009415711
834197,0.67872804
468196,0.8475018
361273,0.0014374522
844092,0.17973429
659794,0.009296199
520948,0.011296746
613979,0.00056594174
328882,0.00086102245
475464,0.72605836
405822,0.9997379
161785,0.8991287
155537,0.6737886
489176,0.40994102
787557,0.951441
940272,0.9802561
295277,0.9883187
967064,0.964152
403234,0.9940189
595696,0.99153674
651447,0.038670357
481404,0.99594766
408736,0.9879326
852624,0.99194324
995809,0.99670476
262405,0.997165
363090,0.94976395
543781,0.64346546
344584,0.94305265
251483,0.9715261
626170,0.9685344
917727,0.9921217
986822,0.99846447
728650,0.93196464
709338,0.98406994
334739,0.004615413
555067,0.98420215
291838,0.42343885
323964,0.4952741
591998,0.9933781
596896,0.86841786
559143,0.80862355
743275,0.43994775
213520,0.95655394
558557,0.9218223
300586,0.001919877
581664,0.008046623
316936,0.70843154
264280,0.8208408
254447,0.0016323468
735966,0.7743953
441627,0.33197603
768529,0.8681525
323237,0.8420746
614086,0.9665639
543999,0.01790706
251594,0.9990324
473892,0.03180329
804531,0.8304596
977105,0.99771726
524060,0.9593192
861107,0.9942654
806876,0.99355376
433010,0.4173289
858921,0.77499366
346280,0.18639119
305653,0.6458628
258123,0.93625563
724891,0.98229724
708463,0.98212427
568027,0.9165831
388724,0.5201989
151811,0.00044616667
990422,0.0076284627
797318,0.018059969
554160,0.0003048393
574033,0.9868002
387989,0.94573903
831848,0.93704116
355301,0.0005820601
681810,0.0008243109
584248,0.99983454
941775,0.035088178
392916,0.9630762
201973,0.7932296
436573,0.76736075
565424,0.048436742
655859,0.5364366
403791,0.16431528
900852,0.04143681
274633,0.9997594
222335,0.9998921
951367,0.50667167
480589,0.613449
753457,0.041151598
109004,0.016007096
933850,0.44819358
231830,0.003887849
739242,0.9007503
503727,0.9760198
536826,0.018531742
354750,0.92454594
882166,0.6778134
482832,0.85673374
157849,0.0003359634
859893,0.54453796
855860,0.0054267733
335164,0.49125832
539940,0.07650583
821283,0.006022209
773248,0.9822433
466352,0.9709064
509676,0.19813652
436370,0.03516627
224701,0.28642973
224915,0.7756714
253677,0.03469183
158011,0.24632385
677984,0.000101760554
930657,0.9782873
505714,0.020603316
898923,0.80029917
356305,0.030626182
353811,0.0125142895
759478,0.016847426
962371,0.0025857473
332551,0.0057999277
118622,0.0060798214
453865,0.0069165113
268733,0.0065704994
377976,0.0061564865
988323,0.0068631377
564659,0.0092635965
498990,0.5662288
233141,0.07740064
394569,0.08530364
935366,0.02584113
466186,0.019691154
187725,0.0109686265
148740,0.00012763108
430145,0.00051312824
364750,0.0023321407
457030,0.8672526
225770,0.000145289
735521,0.0008990232
475821,0.098306805
553012,0.9999521
124823,0.28296238
924696,0.99276966
247666,0.97547376
646949,0.2684334
518852,0.9985607
335657,0.9981602
512253,0.99827945
380305,0.9285683
687822,0.01338587
414221,0.75259936
396384,0.8574587
643155,0.9976052
150033,0.00097645493
628906,0.2555727
431009,0.99879825
474164,0.87385494
578173,0.9985499
169847,0.998691
484361,0.99734265
924732,0.997995
240378,0.9960337
259273,0.9680205
622999,0.98113304
609213,0.9967349
594087,0.98603976
273448,0.98600775
511639,0.41614872
576240,0.810886
443545,0.054520495
228214,0.20688634
869946,0.8943364
938848,0.003453069
826951,0.9491434
884989,0.55320674
383977,0.0016449819
636805,0.9966191
592259,0.34424305
157209,0.39763463
488645,0.99796957
887374,0.0013764171
253363,0.0021483593
851274,0.002383263
490183,0.09065466
799675,0.9551256
930687,0.020693667
723920,0.53722554
274794,0.601865
893281,0.99845004
492437,0.0046344227
825036,0.995622
140972,0.019359842
426997,0.0037150225
853342,0.2962678
282634,0.0070477994
902498,0.0001882264
138500,0.9845205
273422,0.99626166
363036,0.99766266
834042,0.9034659
546983,0.099126115
542131,0.31618628
117604,0.9986319
565723,0.9157003
895355,0.9991823
545374,0.99818987
401690,0.98071265
739537,0.000962815
231426,0.056723274
205112,0.88519603
946134,0.0012465222
414453,0.78910697
428578,0.8036058
449450,0.82388407
659933,0.012321735
333289,0.1977377
686507,0.99715614
596004,0.011135925
746873,0.0063776337
516805,0.0077491654
219541,0.012512722
675165,0.009147999
869144,0.009154779
430505,0.017007824
404887,0.008417681
974307,0.8743775
116373,0.9303003
964693,0.96834177
495598,0.98406094
434453,0.7417494
701598,0.64789754
717910,0.9236152
553184,0.03409013
214492,0.017053764
658145,0.023442557
178739,0.37046486
440506,0.9993357
218588,0.021630429
106091,0.038919285
590079,0.08072158
302575,0.9988863
899376,0.010143436
490422,0.9620963
718144,0.9938425
120895,0.9990828
345665,0.9960568
951626,0.9992969
201041,0.0038801152
157735,0.098830014
760182,0.048625678
311614,0.0038118819
816721,0.002017216
549683,0.010892639
733030,0.0019463967
190589,0.98192906
913926,0.022644999
689909,0.0018987546
952913,0.0006785321
626637,0.0008411225
272529,0.0025870649
791605,0.03938049
814855,0.0046710623
989059,0.00420136
833461,0.0038547465
496440,0.0064856764
676667,0.012841085
857616,0.004326631
733144,0.9986981
532488,0.9968177
977891,0.4180241
587007,0.9987203
188020,0.9977315
790623,0.94235533
573980,0.98514277
604859,0.038777746
249157,0.22571294
515370,0.5073289
164504,0.0017305755
589154,0.79273266
483748,0.9708247
439472,0.00025313947
193414,0.08417849
523499,0.60793597
210807,0.9540762
915487,0.03226814
807036,0.035180427
100198,0.9486589
747263,0.007063762
254105,0.994862
591157,0.98904574
276135,8.158574e-05
399831,0.61512345
698658,0.11222192
134778,0.027124073
604519,0.89119434
373047,0.31285048
126015,0.28091982
242328,0.4968284
249770,0.258197
560217,0.86050594
366271,0.96324414
328589,0.09838571
184190,0.9982236
930384,0.9988452
966855,0.0064528515
169508,0.9932567
244890,0.9200127
320432,0.0069912374
556519,0.002443968
219811,0.007238566
611714,0.14178064
455279,0.0011235923
844716,0.006379271
442469,0.0009096564
470373,0.0031382036
120320,0.009660787
638460,0.0001858389
989806,0.58717847
341001,0.9676184
692106,0.009414555
371759,0.0017306281
289530,0.042026952
645007,0.0007420046
644936,0.99230933
240709,0.9774714
547750,0.84667355
262502,0.22628643
286957,0.035239667
744063,0.9941881
896203,0.005131104
510480,0.0036355446
120230,0.99943286
888352,0.9026758
577692,0.6567094
779227,0.99768734
212400,0.0037332452
348904,0.9815088
364491,0.003774126
116897,0.002843529
557126,0.007832002
444028,0.01808179
364662,0.008995935
931155,0.026040057
493605,0.005482586
656891,0.07913612
300113,0.9859875
495957,0.008786793
499577,0.9290995
100990,0.012978654
658251,0.9313897
125291,0.01009678
378168,0.02408968
732198,0.003403649
281923,0.008581123
738571,0.27475688
110582,0.0006620478
633458,0.97701114
149147,0.011620878
838475,0.00773507
524386,0.0035269144
227493,0.9855468
387997,0.0005271236
705257,0.052353866
450680,0.9267387
870016,0.9950401
813614,0.9238603
554341,0.9137344
414402,0.0022867718
516833,0.79500353
483707,0.0028018982
929197,0.0576314
234050,0.7273236
750389,0.20416062
431529,0.9571589
978731,0.06560804
453838,0.006112388
881055,0.99592245
129546,0.9980355
248673,0.99816006
197195,0.98879796
954576,0.9890894
243751,0.9981894
904498,0.9975708
378368,0.9876038
845948,0.0032326323
707539,0.9977448
119799,0.41237524
249750,0.013007621
331285,0.9557234
784276,0.027984014
533116,0.9988881
360837,0.86630803
686002,0.10017349
584753,0.98874587
511340,0.9735681
535333,0.9966911
686054,0.42579466
713814,0.98894215
632296,0.94234306
485246,0.9504042
119241,0.14911085
398298,0.011768489
130550,0.99714226
242864,0.6333201
828282,0.9541148
827735,0.99499965
390090,0.9439398
289516,0.94856423
686085,0.6861561
458169,0.76457536
241685,0.890948
424608,0.9924832
420129,0.9987999
611822,0.9147043
493832,0.74026257
783782,0.94573903
457941,0.0014807859
442417,0.96175194
162439,0.9934635
741390,0.7992317
764040,0.8086947
276284,0.99681723
760937,0.9992507
305801,0.99623567
558444,0.9958961
576302,0.99952114
268491,0.9990969
606398,0.0070049926
978947,0.64299154
946600,0.9970155
691556,0.00014448384
529768,0.99155444
219751,0.99570256
910942,0.99797267
142557,0.018701429
559580,0.5448846
734937,0.16784522
329597,0.006202118
429602,0.97104466
862046,0.9982274
951201,0.9610364
709163,0.98746824
232937,0.9886749
415789,0.9682769
457094,0.075713344
276545,0.99892384
858587,0.9333336
381147,0.9965305
978266,0.9776449
193125,0.022340642
711618,0.015559175
320774,0.9366263
375327,0.83871746
432864,0.0006588688
915527,0.81991494
919875,0.0134669505
816610,0.55384314
241062,0.0031812526
250697,0.5158288
974397,0.9644207
888186,0.0010923232
898646,0.11367086
475805,0.0025392156
413973,0.9952885
955747,0.98317474
192329,0.0036542
311731,0.98945755
164958,0.9913174
357239,0.9922724
790022,0.9846341
557496,0.9948997
349532,0.98494315
749237,0.0020247493
902104,0.6941244
518192,0.95523584
522578,0.04497184
385039,0.007388169
174104,0.012615437
539859,0.9985122
736152,0.9956371
843346,0.00063873443
428782,0.9957852
382080,0.9966582
317820,0.0014435243
996850,0.9951746
132501,0.99404895
656836,0.58908445
480507,0.009030972
411259,0.9547611
479428,0.1456014
842462,0.0076902164
468153,0.96924186
607223,0.9901169
813804,0.9875535
500666,0.9178957
797647,0.8719491
107125,0.9738086
221039,0.99436694
255600,0.9993211
872207,0.009806968
558177,0.9800648
753763,0.99842393
772803,0.9961779
146062,0.0031471984
801875,0.9944524
468193,0.0011903316
723544,0.003325039
998387,0.9913549
336535,0.9975074
248446,0.9954313
906679,0.97960645
687030,0.02537712
321220,0.0064290897
798824,0.9992199
245074,0.21860002
681208,0.01051708
926385,0.0035587482
209382,0.9963187
687878,0.918145
189254,0.83740896
429968,0.9895475
991885,0.995308
656043,0.9967475
828328,0.9927154
349177,0.94943815
854864,0.9682694
728621,0.18285526
465539,0.9976374
225093,0.9990491
309960,0.9835091
852707,0.9975961
610460,0.9894935
154197,0.0052306
119515,0.9812026
914297,0.0004928335
840112,0.97890806
113822,0.99899405
196601,0.9949227
880572,0.9851268
697492,0.9905004
685919,0.9701966
909289,0.99564785
369716,0.0026171657
312319,0.90734816
982902,0.9989544
679000,0.4364221
704418,0.0022731794
542882,0.04694806
834310,0.9952018
623896,0.99354666
168195,0.9941843
792108,0.97767156
614043,0.005267939
272488,0.44077325
208097,0.0030718297
433081,0.9981692
585375,0.993471
592573,0.07777452
377155,0.60963196
770662,0.26554424
543212,0.09703466
560290,0.9975146
919901,0.9533672
208943,0.0021795596
303657,0.2899383
955719,0.71726054
401711,0.56812143
617681,0.59429705
849748,0.99646485
159886,0.99892694
464029,0.92140454
774631,0.9964133
406411,0.9956815
756744,0.009799961
512800,0.9823184
628842,0.009456327
718465,0.005720534
568209,0.7034089
561005,0.0036716438
521789,0.95899606
781609,0.9980732
888343,0.9535075
945667,0.7948695
645685,0.9923971
994791,0.99764085
727636,0.96075505
978604,0.9937687
790823,0.99963915
963737,0.0026538898
953280,0.9982778
804742,0.99261004
723831,0.9973356
851787,0.57783824
164296,0.71655333
874080,0.9948826
242612,0.9958293
169029,0.0036687704
401669,0.0030957477
269183,0.006455475
988731,0.008299059
636918,0.0014098046
116840,0.0057780244
583429,0.0007981726
820262,0.0010484059
995190,0.0023140758
281226,0.9965078
413113,0.99823594
359359,0.99691087
389252,0.9968617
589866,0.039873045
614109,0.077833496
295344,0.07938268
866811,0.051366717
336913,0.60631084
999666,0.99832433
689598,0.9974872
383775,0.9960018
590587,0.9987086
466316,0.9977418
160385,0.0006730234
686039,0.9981225
401733,0.99866056
530975,0.996234
493491,0.9971283
346733,0.9960134
871954,0.07257312
628628,0.993665
486546,0.99642915
662811,0.9983683
778646,0.01822453
941256,0.009654684
280359,0.25922996
488109,0.99559057
760951,0.79942197
174870,0.00092520897
231487,0.0028629533
610359,0.0015629253
128373,0.027334342
778312,0.99904376
407538,0.98491883
898965,0.17775798
350361,0.17400385
567866,0.99027014
104276,0.9921862
287752,0.012518892
743846,0.0071850745
943660,0.9869366
938804,0.46758142
480366,0.99804246
492839,0.99922
136929,0.93418235
768724,0.38281614
254863,0.9984848
840106,0.9981394
776695,0.9984339
564135,0.0004220184
331832,0.7810776
616013,0.3766259
343638,0.99756867
778598,0.99603385
963060,0.9703298
388324,0.9927268
778361,0.99585104
857760,0.009067634
293387,0.9967996
780760,0.80111736
881504,0.49630624
927057,0.99800426
297324,0.00012632283
604752,0.994447
137684,0.018480096
908519,0.7077031
495001,0.9931439
930848,0.9894181
924519,0.9963096
573564,0.99562234
423978,0.99874157
952415,0.99712485
767718,0.9988268
510883,0.9936215
760003,0.975367
124006,0.51125085
847657,0.93332165
714902,0.055735648
893768,0.0301429
463634,0.024629876
967799,0.017862476
842085,0.015898824
822721,0.03146735
559614,0.015255439
695069,0.9978542
102724,0.99330795
352577,0.99773884
999583,0.7846658
769940,0.0070138113
334168,0.0031737085
276008,0.99779177
539016,0.9987908
680593,0.9982615
644544,0.9961505
948002,0.9991474
275534,0.99810386
368442,0.10399175
546377,0.9974922
844147,0.9975163
400398,0.9978115
102038,0.9943533
924369,0.99803084
993969,0.97583276
698794,0.99888164
358207,0.99640626
284352,0.9929531
550800,0.9975157
982698,0.99934334
129984,0.99571013
736087,0.9989242
748489,0.99369484
532270,0.9976451
138108,0.994521
513106,0.99871933
510225,0.99822134
460545,0.9973103
523954,0.9987562
316975,0.016898254
376465,0.9982096
986447,0.99501723
131475,0.994921
439744,0.99435943
231299,0.9922651
915583,0.99597245
701628,0.99888057
594892,0.99897075
955190,0.9864601
169957,0.99820197
650335,0.055605404
493254,0.0020994933
428831,0.99919397
354410,0.9849798
528524,0.9939268
515788,0.01848658
323634,0.021137029
312699,0.96901983
485540,0.28563222
406073,0.9914171
470608,0.99907184
315233,0.08550647
439009,0.96857846
501890,0.9510794
239505,0.72750205
185887,0.0005194192
911273,0.0057140696
613686,0.042104553
698696,0.000812213
764034,0.0005902107
592164,0.0018198184
742708,0.0017684468
566445,0.0024121157
242771,0.0018646598
865334,0.0010109782
584153,0.0012324478
658661,0.0023638266
461560,0.0039457125
149250,0.01462724
563986,0.0019886694
965055,0.013731157
393140,0.053527523
130013,0.9973984
346370,0.99582446
193848,0.007304638
842914,0.004008701
531187,0.91845
707890,0.022687664
588697,0.00089062337
291458,0.0016790177
299057,0.0052399626
330522,0.026418595
106390,0.0023609407
347968,0.0012711454
440738,0.002582407
382251,0.015091902
486419,0.002957232
567128,0.91819257
325861,0.98046505
726507,0.9304497
703795,0.19118585
217867,0.993404
603482,0.74806637
688056,0.034718975
834545,0.0017459623
501493,0.99361986
696056,0.99293137
683168,0.99188834
214056,0.96281
177721,0.99847716
742611,0.9908065
482286,0.9952441
387392,0.9967878
143089,0.99191684
391323,0.999071
810722,0.10203391
374336,0.99734396
629976,0.99600023
272348,0.99661654
581128,0.008766781
627481,5.110547e-05
679650,0.011220771
542585,5.2220683e-05
455604,0.7408051
421216,0.99915123
867513,0.9096164
417988,0.9406876
232061,0.87922055
744647,0.9981944
629394,0.06500421
173518,0.0052070087
938400,0.03512129
574685,0.020942677
768041,0.018389864
537084,0.9970763
646875,0.99843746
247576,0.093817584
931761,0.9923592
126786,0.0039077234
292596,0.9968539
707208,0.9902142
681409,0.98780626
426390,0.31485668
577090,0.89791036
709766,0.85167295
616356,0.9961026
135010,0.05378655
967706,0.99450666
188325,0.0015001183
330521,0.93185014
443690,0.00811958
793663,0.0008665526
898515,0.0021229712
956012,0.0045813452
943595,0.007939527
214097,0.0020590443
515367,0.002007948
758347,0.0036425483
288197,0.016653221
707055,0.0010154166
890820,0.0065408573
261760,0.010394783
281623,0.1307338
256425,0.0019718027
445913,0.86156875
446281,0.06129496
339762,0.9893401
567108,0.04198403
146376,0.0055959583
173881,0.99352044
432644,0.03497655
317321,0.0052737766
240496,0.0022980866
232811,0.94494635
313733,0.990855
556527,0.01501948
644204,0.032283258
188099,0.04684781
220697,0.9989812
557814,0.9930628
408776,0.001919348
673439,0.98921585
756134,0.8167798
291151,0.9981869
559265,0.9947596
439117,0.99954695
822092,0.9484633
767977,0.58966017
797135,0.7163176
351505,0.9969216
346073,0.98994523
258317,0.00088362023
675332,0.99490356
544096,0.99774796
485677,0.99644333
475350,0.0011531783
614583,0.029360462
607159,0.0046007633
189457,0.9970686
655376,0.90365356
601691,0.98683286
897458,0.056680217
957180,0.978924
416396,0.8882432
439867,0.2773414
479035,0.99875784
829926,0.974145
245209,0.38942295
975931,0.99960333
571337,0.9944185
192470,0.077647276
477050,0.9857598
924397,0.0013171121
319457,0.9977319
727991,0.99101275
355819,0.011731822
151355,0.12907729
802435,0.0062715574
281922,0.016912011
135896,0.9983991
332914,0.25455397
215941,0.5656687
660016,0.9945739
131607,0.97752553
672913,0.9941497
868682,0.8663527
975233,0.9860453
909215,0.98887163
517111,0.0024517681
317244,0.0031654043
663721,0.36065882
609461,0.99748707
797866,0.6366988
761127,0.99784744
662525,0.91189563
641715,0.99311334
996078,0.9920671
742778,0.99888545
314159,0.80937856
186188,0.038592245
731345,0.0046319645
127213,0.99631506
599964,0.99910754
367523,0.026773233
179769,0.97950625
678033,0.999257
848332,0.99873906
329476,0.9914732
302530,0.9982728
169782,0.99278075
452324,0.008650314
187088,0.073558845
607598,0.026824998
415198,0.0025269217
798641,0.98850083
713750,0.9981225
647783,0.0030305956
616133,0.9990532
656100,0.0035030225
965844,0.965149
492910,0.0105767185
252057,0.9980584
836680,0.99689543
660965,0.9993204
457630,0.9994307
957757,0.9989785
649626,0.99911684
165308,0.008940452
837618,0.25477636
624031,0.7933855
976991,0.8646904
545350,0.9987413
423670,0.9985253
488038,0.99377656
639173,0.9962298
760315,0.9986333
423873,0.99842787
100574,0.99775404
588783,0.9979697
954515,0.99533266
965351,0.9993311
207801,0.99945956
463859,0.98779094
378715,0.9991043
906669,0.9990551
799056,0.99923694
873052,0.99840015
961400,0.9991685
470618,0.99854726
406723,0.93184793
656305,0.99902654
259829,0.006580997
817484,0.0010879315
617997,0.99885786
476785,0.0022558416
447110,0.9332285
192634,0.99929655
323718,0.9925121
900433,0.9985055
468187,0.99257225
212197,0.99953413
758331,0.9937635
775817,0.0014824175
824390,0.9994091
584002,0.9983639
395967,0.98345
455796,0.037073478
560840,0.99873966
724661,0.9856861
728911,0.9988072
811063,0.99872786
629122,0.00064369175
144833,0.99942005
134929,0.9672724
756218,0.00019537828
969229,0.48413253
473230,0.9973815
699982,0.9980995
813020,0.027783936
226052,0.99522436
908672,0.99693406
572572,0.9933124
862569,0.9995721
854085,0.00069733325
815888,0.99904007
584824,0.9985384
661165,0.8642021
951169,0.0049946173
745920,0.9261694
571424,0.99877053
723249,0.993849
451597,0.9986854
204248,0.9529841
253996,0.00082444755
780475,0.9194823
197008,0.99783856
704205,0.99796665
980199,0.998355
286899,0.98657167
412980,0.9934749
607130,0.9973398
266401,0.99592847
501565,0.0025936596
824870,0.01789022
521264,0.99448276
270535,0.99893576
108283,0.99739456
155463,9.291634e-05
610960,0.9870257
491490,0.9959996
757434,0.996152
151119,0.99920976
371017,0.9950094
189365,0.9993284
485276,0.9994684
460787,0.9897239
144254,0.6528984
501504,0.99471384
671987,0.9985154
781829,0.9349199
835687,0.99919766
631477,0.9990977
692249,0.99906296
939049,0.999233
660755,0.99017954
465370,0.44506684
969012,0.99059254
148838,0.0016443195
709565,0.84357494
666712,0.9954203
739092,0.99591947
273965,0.0022768313
573238,0.0024815495
900575,0.0020251155
752218,0.0032473756
719008,0.0028850948
243273,0.002280299
809291,0.0019564116
658835,0.0020765173
173886,0.93695337
357549,0.0014666413
515365,0.0018300829
576611,0.0018098536
663731,0.99959487
328538,0.981107
577651,0.8939553
391134,0.09757682
801443,0.014388366
118719,0.6034061
815584,0.00074509357
417917,0.9880304
279306,0.22222868
658426,0.9990829
135142,0.9993843
933311,0.0023247334
697872,0.00096576416
772535,0.98765486
627115,0.9986494
692903,0.80444354
368332,0.9923849
248497,0.99846184
696161,0.16210124
810964,0.9711202
233278,0.7488731
203386,0.98854303
292198,0.94264823
369826,0.99937445
745223,0.99831796
832923,0.025829904
826365,0.0012365757
889273,0.001088246
149866,0.998528
404877,0.8129511
459408,0.9430434
986069,0.99818075
293673,0.9995085
294007,0.4360371
567997,0.02385865
297440,0.0487837
914255,0.9958269
627678,0.99776983
885144,0.97366446
752126,0.9971938
925624,0.003728102
555256,0.99869186
987230,0.99723876
527313,0.995497
566705,0.99825794
268155,0.99920017
764888,0.004694786
909341,0.98090196
560273,0.23028915
312721,0.0072289915
367448,0.00067725976
401766,0.03624217
515280,0.004124654
858288,0.001024584
208108,0.99930906
690687,0.99578
645525,0.9978934
280267,0.66340303
265559,0.9893301
759826,0.9759685
487136,0.9978588
108498,0.96183616
357683,0.38788596
331191,0.28037483
845718,0.9995858
795712,0.9898662
524844,0.9963517
890029,0.9923056
698942,0.7756313
784143,0.008684623
439879,0.03550087
580545,0.9679595
564468,0.0008242496
609454,0.9948513
274045,0.9962352
164824,0.84850156
969850,0.9048652
805967,0.99808466
937008,0.99396354
825789,0.94853413
422251,0.0010252265
822271,0.0009079817
946339,0.0006581569
869434,0.0035148351
527772,0.0012494327
825682,0.0068277917
331985,0.004689998
967180,0.004585322
233420,0.008684623
776485,0.008684623
752471,0.16749914
324242,0.009511505
190377,0.9905648
934620,0.0011763324
745491,0.00019742659
124148,0.9686802
572529,0.99823195
412150,0.0051842853
270150,0.9588572
910551,0.011184374
467718,0.06472554
197199,0.9740726
165240,0.004547506
617069,0.79120183
329832,0.008211887
384401,0.003248487
797669,0.993926
320324,0.9994056
405968,0.80292404
975907,0.46456844
734784,0.013593852
614604,0.9933473
813332,0.31078234
817497,0.950234
636672,0.022507604
489408,0.79375136
171049,0.036124382
224613,0.020488994
931995,0.98311955
250131,0.0098402435
187593,0.99952924
429428,0.004826063
885533,0.9986181
405121,0.99458575
816505,0.9984364
725062,0.8430898
454892,0.003126734
290398,0.9265869
300851,0.9989183
830886,0.9764703
339551,0.9591205
226225,0.011326846
933594,0.980368
543249,0.007211546
858949,0.9922202
921300,0.9942867
240055,0.01831501
502997,0.15612462
225787,0.0023303186
539925,0.98154324
650428,0.9998497
499849,0.99536455
938234,0.9970681
823719,0.9971835
271785,0.990919
378993,0.9928087
572932,0.9680549
842760,0.013059404
847083,0.07392848
626389,0.023029055
705686,0.976921
897025,0.99962413
697081,0.9996768
800555,0.9941614
220713,0.049196802
719536,0.0019112008
753036,0.99922466
428043,0.15577744
726217,0.9989844
780233,0.99802834
706870,0.895588
250388,0.8963298
639620,0.99950314
101348,0.005721611
423259,0.99771416
988608,0.11436484
574618,0.09956967
933813,0.0038922024
290142,0.9982304
103032,0.99646604
546920,0.9977043
935402,0.9974848
800477,0.9985298
494802,0.99882096
473616,0.98737025
887362,0.9873269
639682,0.9977118
536275,0.98696893
319278,0.9936562
161634,0.5826265
178299,0.01622174
744357,0.63919187
212062,0.9981034
765275,0.9943803
882473,0.0072632967
532574,0.87559664
862472,0.054555137
811598,0.9895219
234575,0.946309
335056,0.9968786
440630,0.9233759
808397,0.010264222
262964,0.9805367
679455,0.9044289
449475,0.98364085
905174,0.01555215
507018,0.001373989
812342,0.0011874185
659195,0.0066201827
256040,0.0073549207
279086,0.98993975
407273,0.9943394
207572,0.98798114
250746,0.9720139
235831,0.99960405
230548,0.0060248524
151508,0.0023292636
785140,0.03423509
613818,0.00749803
936045,0.9979668
770555,0.051128604
508795,0.96636045
592663,0.99366534
594857,0.9983181
255397,0.9962022
755071,0.96718454
190598,0.99820805
782686,0.99462295
937132,0.99866784
663081,0.99691594
816400,0.9943995
898153,0.999159
532140,0.83825433
583415,0.9983779
749235,0.99870324
412915,0.99702567
803282,0.9992704
969381,0.99821067
361062,0.9980241
975977,0.9945405
432754,0.9961099
343244,0.99660647
861931,0.9959121
831649,0.0006893612
529242,0.000333813
900781,0.0006607144
164224,0.0005045908
437414,0.0007006857
706795,0.0011116724
123674,0.0004657502
125426,0.00057762384
266540,0.00088545046
906138,0.0015543094
454722,0.0010917453
425310,0.9975497
761444,0.00038443774
158052,0.00046125092
328913,0.00030367094
582178,0.9968549
840852,0.0003768236
551980,0.00028706994
788997,0.00023124217
771639,0.0002570334
686200,0.0005121549
866739,0.00028095546
346391,0.0010198059
294380,0.0004562622
566648,0.99816114
809733,0.00050259556
168850,0.0005073415
854065,0.0003412633
324687,0.00033946356
869406,0.0003243496
759734,0.0003303511
595553,0.00018627265
279316,0.00036026223
949221,0.0005538904
139276,0.00036026223
253951,0.00043624372
240428,0.00043624372
180960,0.00043624372
475903,0.00061335263
465359,0.0004760712
944326,0.0005313111
859245,0.00032840637
942872,0.00038670638
590946,0.9970528
406948,0.00044200034
229919,0.0002711727
933791,0.0003924026
201421,0.00014548282
405892,0.99685174
190132,0.98729867
753234,0.5637864
806944,0.9960012
805447,0.9887882
612188,0.0066951592
750687,0.9995042
203173,0.6886271
447084,0.9988098
488184,0.9974273
360806,0.995342
946976,0.9346337
122523,0.98644847
621508,0.034720015
331894,0.05775717
252579,0.07155345
958243,0.054831777
133829,0.06373791
475146,0.037727028
272213,0.99641234
240716,0.9997632
211204,0.0012186999
976688,0.021335578
757539,0.022074403
434380,0.99733526
554714,0.020056281
856836,0.99858886
527134,0.007317612
647911,0.9969432
474317,0.99871075
682754,0.99922574
104070,0.998395
750276,0.002821279
631435,0.00108092
694089,0.99976104
654061,0.99971515
116282,0.97154117
375189,0.99908495
133902,0.9996518
818482,0.999696
670556,0.99904686
916791,0.9994574
356771,0.9997404
259489,0.9996221
647577,0.9997557
492962,0.9992016
856996,0.99962425
418737,0.0141324485
186606,0.009834159
188353,0.0011220564
330070,0.0036703253
344748,0.0010769366
617073,0.0087396735
188157,0.001352749
453224,0.9702524
895936,0.42269605
476792,0.0029192024
212823,0.03380091
627396,0.0005149588
162445,0.001193426
784190,0.0023036113
260040,0.9993462
639241,0.9995395
729029,0.9995395
102401,0.99934703
531420,0.050654754
123483,0.0003168381
256193,0.00090082386
854733,0.00033935564
954744,0.39769685
575556,0.99818605
726184,0.996064
788974,0.9146437
189569,0.99976283
977691,0.0020816252
718041,0.9882896
147605,0.9888399
906690,0.8847189
766892,0.81469786
875207,0.98965925
353139,0.9890683
872310,0.99478084
572444,0.98859334
325678,0.99132043
498764,0.99924684
271279,0.81479865
981500,0.003093913
680231,0.0025937066
121667,0.99323565
393346,0.99842846
988406,0.9810976
313087,0.9971425
249685,0.00022470606
352599,0.983411
908202,0.9886664
121398,0.9887841
720530,0.8109226
897743,0.00022403197
221413,0.5387628
551252,0.3369527
274779,0.34304738
961268,0.9926685
462425,0.0015192978
582636,0.0054540965
426633,0.98161834
414643,0.99611306
548834,0.9905309
532613,0.0046664537
681414,0.99030674
891431,0.0018932979
839409,0.97181714
581056,0.22454947
935778,0.99937207
160722,0.00024800535
853328,0.0006939407
111518,0.0014114206
654069,0.0003264143
363762,0.9909661
155752,0.00048765395
972650,0.9909661
955574,0.0005345655
319100,0.9960718
166547,0.99833655
661890,0.9999261
961899,0.002944943
778260,0.9913049
998136,0.0028293906
601295,0.9930622
743042,0.9832908
754314,0.93484277
282703,0.11275812
856652,0.0039683157
152939,0.9989299
852091,0.99591535
589822,0.9987721
946694,0.99872714
596950,0.9989604
829408,0.9989604
615799,0.9993911
364561,0.9993911
678554,0.9993911
225908,0.9993255
813817,0.9993618
532922,0.9979189
448821,0.99845445
735052,0.9988361
661022,0.9988361
628546,0.9992261
395545,0.99820125
775357,0.99886996
698130,0.999212
986233,0.9990877
664100,0.9989748
278176,0.99795926
497678,0.9991161
528549,0.9991781
806215,0.9991924
757488,0.99930906
463167,0.99923754
532609,0.9994941
905123,0.9994407
480565,0.9994941
137983,0.99947196
682700,0.99866796
976039,0.9989912
752415,0.9843986
252577,0.99915564
841195,0.9995912
538829,0.0021923585
408545,0.98758286
937825,0.9801025
989959,0.0016930776
176829,0.005415854
335243,0.0027345521
749274,0.96944964
132833,0.9911493
579631,0.9990163
607230,0.99837804
531923,0.99881774
977292,0.99907255
886636,0.9991417
402502,0.9986014
400901,0.9982828
229669,0.99917287
204480,0.002431393
794233,0.0011682382
563925,0.9856682
975418,0.00096287974
902193,0.0011672599
920117,0.0012864929
271798,0.000975303
632666,0.0014665736
623972,0.0034574957
651918,0.0007617678
206983,0.0017250461
446077,0.03694417
182266,0.0020330187
340056,0.000831953
532103,0.0009124706
462953,0.0007313406
603957,0.0025463025
348287,0.99438745
428528,0.68644965
740630,0.00025576758
544261,0.0024862317
818599,0.988198
377545,0.9801114
605546,0.78955114
173502,0.77145636
375268,0.0004900407
377445,0.9367528
781036,0.9973671
187216,0.99185246
107674,0.9969416
345968,0.0003047783
146111,0.959697
868988,0.17125423
700322,0.9856889
627220,0.99966824
482514,0.003553946
236134,0.0049472866
926630,0.0022900205
220482,0.0018135227
161905,0.0017843524
662494,0.98348516
978852,0.0027931107
815443,0.0021486916
570316,0.0026811769
881653,0.00087329856
262590,0.9997137
431797,0.99956506
213362,0.99964106
571696,0.8373692
473597,0.9996773
278181,0.99961215
299091,0.9994404
772239,0.9996177
276543,0.999559
685183,0.9994773
466780,0.998992
645654,0.9997832
710796,0.9997155
538103,0.99982303
848941,0.0010806662
311067,0.9996253
428258,0.9963018
649106,0.9996655
524564,0.99801326
584288,0.0019961854
295311,0.007913245
865049,0.0030368376
736944,0.014178783
841355,0.99687827
957497,0.97621596
171987,0.9928336
930481,0.45588893
235134,0.0051241033
581667,0.8412749
687117,0.8093301
374867,0.008654715
119664,0.9955848
769365,0.009748852
607150,0.99743444
380720,0.9967404
741765,0.99325
331721,0.9817141
352782,0.99748105
730853,0.99942786
509038,0.9994684
865972,0.9996984
512537,0.9976319
966939,0.9483798
597057,0.9980877
716374,0.9997274
883902,0.0014143344
800045,0.9981013
958095,0.008476078
366575,0.019783601
136837,0.94211596
290462,0.0006899294
864509,0.0011126683
830955,0.00021431113
185733,0.00045246506
811536,0.0058977017
644789,0.034737222
154918,0.009066837
726997,0.001857418
844380,0.00083618594
914103,0.0003794466
218247,0.008821351
617085,0.0013304353
723777,0.00031483153
868376,0.0051603406
446460,0.011859724
693310,0.0030174633
471583,0.00026953284
304961,0.9995976
530627,0.005036642
955016,0.0045702355
235381,0.0056376485
563171,0.99758244
222553,0.99588734
825371,0.99948967
429675,0.98824185
100826,0.9992849
755283,0.9997131
836996,0.9990791
744334,0.99917394
476998,0.999522
396315,0.9993455
906388,0.9990426
500885,0.9992834
687996,0.98998696
703734,0.009172682
640093,0.9943084
836019,0.99177843
324700,0.9997763
809645,0.9994288
169904,0.99951863
679315,0.99973387
519366,0.9996327
829357,0.9997316
581208,0.99972254
606717,0.999845
126275,0.98832536
466531,0.99973387
754335,0.999511
970903,0.99827266
709371,0.9995546
996934,0.9975883
554644,0.99358916
888990,0.9998733
136669,0.9996427
401473,0.9997186
679809,0.9994892
815363,0.9997638
296785,0.9985435
799274,0.0015059916
362768,0.9997812
148983,0.0013490224
203770,0.0065068463
981959,0.9997367
614987,0.9997037
274411,0.99975353
762055,0.9997875
503484,0.99961793
987089,0.9996972
995761,0.9997695
642868,0.9993975
515604,0.9970053
613412,0.9985065
728787,0.025054628
212950,0.0027689596
423106,0.005291439
458136,0.0057904273
192291,0.006326107
257413,0.0015247145
438466,0.0014046744
192251,0.0014272715
482295,0.0014046744
343636,0.98832476
227845,0.99692744
527896,0.00070993695
716884,0.0012777165
833406,0.99448365
325215,0.99776864
535724,0.00077935937
589813,0.00077935937
863392,0.99598014
160222,0.0009701461
905384,0.9989203
320833,0.99880266
710886,0.95812523
847116,0.9973496
529015,0.0025653641
593519,0.9151529
102218,0.7623207
584735,0.009970896
186934,0.0053222403
485680,0.9813478
307020,0.9925212
986110,0.99687445
628240,0.6270407
139980,0.0032970652
687861,0.99961984
798578,0.9994357
237314,0.9979134
808989,0.9976096
616819,0.0017628511
603008,0.99989665
646901,0.9569175
458438,0.9903397
895733,0.0002577266
233277,0.99789137
606377,0.98493385
468324,0.9964893
866807,0.97202647
270999,0.9753166
644385,0.97433484
188049,0.0013548299
886940,0.0023139787
946069,0.9990594
622305,0.0004145638
402646,0.00051624473
472614,0.0003840176
196491,0.00042506692
771336,0.0006829024
612287,0.00077125645
384153,0.00032608834
420631,0.0015038906
704530,0.0015038906
468568,0.001036144
516221,0.0013351999
588904,0.0010334832
523795,0.001121256
170793,0.0061726826
200813,0.0014994665
895592,0.40222636
262681,0.9972331
861387,0.007858889
553221,0.9878982
701545,0.9836134
999432,0.01960583
565236,0.0016364526
680618,0.0039351718
496180,0.0048126522
636110,0.00076992624
608261,0.0016575797
351943,0.97147715
887245,0.0015096515
193237,0.0023105477
169698,0.023128895
242550,0.029609328
287586,0.040915966
837392,0.001896049
629077,0.0015436927
249732,0.00034077922
288326,0.034529086
257395,0.9997712
465166,0.9996619
114993,0.9996619
572701,0.99725336
169821,0.84894854
420804,0.005377695
726728,0.9981791
143608,0.019613728
219520,0.9997894
459027,0.0018932979
662981,0.86236614
172452,0.99422646
261212,0.9996786
980912,0.9768883
456329,0.38381734
409574,0.9993759
603020,0.58699566
230529,0.958403
903783,0.99462503
782905,0.9997004
682352,0.99974185
906552,0.99974185
819309,0.9815438
478886,0.9929564
688797,0.96429086
203232,0.9891565
572938,0.9766573
457141,0.9966664
470654,0.28325322
160124,0.99506193
537949,0.9995307
509559,0.992687
666487,0.99863017
996613,0.9987313
236048,0.99853694
423130,0.015445588
243303,0.9980854
699859,0.98327786
217651,0.85793245
888214,0.6884186
861583,0.59530437
111332,0.0015702598
462045,0.00083218137
974122,0.99974316
957001,0.7347975
166949,0.95663065
446114,0.99894756
836529,0.99974006
310457,0.9941385
138249,0.98749125
508642,0.987417
877090,0.9988839
788574,0.9973865
359692,0.99618775
843682,0.99962175
412708,0.99946874
771308,0.9995943
698930,0.9997491
184511,0.9995869
275888,0.9996276
878199,0.99971706
384372,1.7101685e-05
413351,0.9852328
357964,0.9895013
145381,0.9983392
145687,0.9852328
865022,0.9996201
721335,0.99964523
421036,0.9996427
781870,0.0046550105
544968,1.917008e-05
920558,2.1765103e-05
771440,3.0352821e-05
537529,1.4477817e-05
162098,0.9996251
393939,0.99854714
659576,0.99854714
626501,0.99978
258837,0.99974185
939373,0.9997403
119281,0.9850429
519667,0.35003656
838294,0.9938567
293256,0.99978
241619,0.9993191
755336,0.0057010343
663542,0.8765619
985804,0.8765619
548938,0.008190214
737520,0.004096025
351888,0.0018134994
264647,0.9411862
672530,0.4869258
729952,0.99062425
753223,0.98855466
934275,0.9997609
384521,0.9839212
804682,0.9179274
791333,0.0015399035
986760,0.99875116
169714,0.0010682992
628756,0.0009511291
327293,0.002267539
808399,0.7817512
704606,0.99892277
169683,0.0010345806
674280,0.9993919
430490,0.9819171
506677,0.9998747
395608,0.9996854
873043,0.99983156
623540,0.9942332
527140,0.99964464
949207,0.00086479157
953497,0.002267539
957807,0.9996631
692224,0.0010682992
748367,0.0010345806
558333,0.9975794
511988,0.002028861
217490,0.9373969
726972,0.9371155
958436,0.9988663
567872,0.99871576
809243,0.99814737
980724,0.99800605
148882,0.998882
351526,0.99796826
118913,0.001414506
788838,0.9980069
646200,0.99873346
221716,0.49563727
717745,0.54899764
173879,0.9997799
720911,0.999718
310068,0.9985702
527950,0.977276
828340,0.9986883
586978,0.99880755
803513,0.9988501
901466,0.99863595
745147,0.79259604
538411,0.985171
322179,0.9062689
973753,0.0024890206
738886,0.9985769
699080,0.99808085
687804,0.9870657
445853,0.0041729463
944970,0.99552745
534793,0.8202497
173362,0.9998349
192230,0.99977964
751070,0.99475044
745895,0.0019290522
349512,0.004452165
954580,0.7452404
426596,0.9617656
265089,0.9955532
248737,2.411974e-05
402623,1.4301398e-05
866547,4.0785333e-05
946335,2.6116615e-05
578697,2.4434648e-05
600703,0.88445455
361979,3.1401254e-05
326890,3.1401254e-05
831967,2.5618474e-05
955126,4.3526292e-05
947155,0.011136118
122707,0.001243821
244828,0.9966857
572909,0.000102921666
238133,0.5434098
196140,0.66311294
255406,0.9810765
155551,0.9990189
196388,0.9986009
387190,0.0021804557
774723,0.0024117474
709112,0.9659829
646011,5.423421e-05
411423,0.06535515
983353,0.0022810488
424041,0.0012244753
423780,0.0015411173
487269,0.28827363
134604,0.00026325512
669351,0.87161326
161813,0.036143705
643906,0.99600583
211619,0.0012124873
413558,0.9998622
881472,0.98336154
986380,0.0016199636
352402,0.999463
440997,0.026485557
504488,0.008367976
786707,0.99965763
349461,0.116322815
838300,0.014168843
217347,0.005001881
261469,0.9853247
681228,0.99944836
863188,0.20373996
344532,0.8405069
526122,0.99390113
545657,0.97662157
396175,0.9960324
235874,0.98935246
153297,0.8394475
719232,0.8305041
249257,0.0005631684
454140,0.00041178506
504023,0.0002464475
795200,0.0002464475
310133,0.99745077
343489,0.017313994
731922,0.0037341302
229049,0.9617368
310112,0.015096304
635342,0.0067353426
269951,0.0074769426
107795,0.997387
426054,0.0041590394
178178,0.7692761
453534,0.99132407
937204,0.9933363
385645,0.8254132
964762,0.99916816
918789,0.9991998
658315,0.9992594
316154,0.0008629341
675089,0.0017265659
361027,0.0007831749
527646,0.5556449
961027,0.8158496
643485,0.000354235
929876,0.9517262
771584,0.005034919
707986,0.0065069045
198147,0.9990336
610278,0.99769956
903319,0.9986064
965548,0.9977992
866632,0.9990717
526886,0.98840326
168494,0.012869265
477000,0.0036295438
650299,0.99853253
919331,0.9957684
238172,0.9949753
390253,0.9321531
808495,0.9981153
271992,0.974095
988110,0.9772928
204347,0.004468111
872654,0.0034493182
481642,0.87578046
472348,0.018374655
157048,0.031088432
207821,0.9825393
444140,0.9827062
146453,0.9900311
259774,0.0016604015
468404,0.5116968
333019,0.8685633
744864,0.0005202311
692253,0.12956475
466455,0.9951776
471001,0.95732266
165884,0.99333936
701148,0.99709165
481094,0.9981476
728425,0.99573416
768311,0.004097278
104658,0.51807654
682880,0.0027740374
175393,0.0030477657
374511,0.996225
801974,0.93909764
453115,0.9231024
365613,0.0030321751
327852,0.004933627
672216,0.0025508106
424951,0.986264
532638,0.25108674
120339,0.8868521
236628,0.037368324
582485,0.9956261
274511,0.9957236
812956,0.9880804
286178,0.97068226
326720,0.8734576
658118,0.0014755531
671111,0.9893293
442444,0.28264612
455963,0.005302833
778603,0.96216315
976190,0.9492399
102051,0.008267864
418858,0.9785984
809394,0.1253214
865575,0.9857594
678578,0.9774924
499428,0.9696602
332079,0.99844366
568116,0.98835385
472481,0.0007042707
815175,0.0019154322
443305,0.38090438
239004,0.0033218265
333230,0.99400383
824924,0.9916556
949419,0.9934974
497763,0.99363965
189211,0.1070711
887630,0.9884497
168220,0.98504376
709759,0.9950771
162108,0.99679345
169374,0.9922241
859458,0.9925972
710164,0.98247635
325158,0.98824394
227164,0.009064241
807018,0.9862964
603235,0.9557155
680353,0.0040820423
594918,0.0060210754
855832,0.0010759046
339376,0.97645193
958923,0.96522284
477379,0.0030987305
700350,0.9781361
740602,0.0008538304
213363,0.031090135
721144,0.0008538304
101448,0.0008162849
480492,0.0012947052
680364,0.99963367
617507,0.039791983
885080,0.99856997
569153,0.0018119955
110457,0.002910199
168010,0.0021947497
466815,0.0014359998
605877,0.0019120687
842653,0.00038072222
904076,0.00035056306
261922,0.00035056306
405819,0.00038538373
546161,0.00038538373
233974,0.0003168263
572126,0.00032326818
413485,0.00031787678
841918,0.00030060404
146110,0.0004713583
250291,0.0010058685
997203,0.0011625693
215578,0.0012486065
265044,0.0010259994
459272,0.99964535
552885,0.79862374
771030,0.055902373
621334,0.015999032
713140,0.43079263
987598,0.9710725
543272,0.004681096
608719,0.0021331403
140688,0.9950631
586312,0.9154216
257321,0.0010515368
129698,0.94754183
517147,0.00018298966
317219,0.00017613427
395489,0.0003129164
865281,0.00013556318
903297,0.0003129164
130988,0.00017423737
875671,0.00021356516
322325,0.00018649604
948013,0.00020442912
739223,0.00015351335
553105,0.00016960406
398559,0.0010360404
453303,0.037368324
142033,0.00020143624
289960,0.0001298446
531588,0.00013124952
597123,0.00014680302
573751,0.000993849
962192,0.00023520467
183800,0.00023520467
985183,0.130234
185453,0.9675962
439260,0.99392277
408993,0.99727255
381390,0.0015609085
684308,0.05466608
195406,0.99648476
260733,0.9893562
180011,0.00030049687
698480,0.008511662
149102,0.0071534356
319506,0.047050484
397643,0.0011113135
114635,0.001248977
459945,0.00091047504
812232,0.9966042
295661,0.61107075
437838,0.9077124
510120,0.31070733
657208,0.5494187
197177,0.993912
538345,0.98213136
649745,0.98132807
150304,0.00319735
352364,0.0013704846
872748,0.99151057
113447,0.0028177986
952233,0.95162743
587305,0.9784831
696547,0.9741201
494908,0.9952679
488412,0.9936253
164738,0.8573096
100287,0.20352459
564645,0.97209936
590428,0.98989654
595992,0.9917601
383719,0.99433184
220568,0.9820003
865529,0.9861319
738450,0.98762983
450286,0.9823344
372961,0.8964173
986934,0.9818202
144693,0.97636455
613439,0.009028924
288781,0.0027147247
631545,0.9550914
918538,0.9725958
111145,0.95221525
869833,0.95064753
519561,0.78945386
347709,0.6553389
764312,0.00332603
301901,0.9989411
297725,0.00040299742
490901,0.9959521
806023,0.9903397
309049,0.98672104
669966,0.00037363727
691407,0.0013884042
460344,0.0010596637
903516,0.0010319538
611834,0.9984578
439113,0.00076049304
585380,0.0003723053
483404,0.0003723053
951930,0.00031166355
698318,0.005632436
732752,0.99891937
743834,0.00031659412
280557,0.0004279026
164189,0.984503
212218,9.0275746e-05
341068,0.9832744
385616,0.037094146
423373,0.9860328
108106,0.86702543
362881,0.0006361536
814233,0.0018093919
734582,0.03484985
905956,0.9968995
968476,0.9090509
515655,0.021745367
548965,0.119078234
962828,0.7933504
316429,0.8619315
599256,0.9986633
409416,0.3603574
358991,0.7646857
714358,0.99510777
320084,0.9855583
123737,0.9866932
179838,0.473572
997698,0.9890564
544555,0.9897413
458589,0.99715024
748711,0.0008442018
611696,0.011332992
490021,0.24477993
643781,0.9659691
980766,0.002030529
360291,0.9954249
251700,0.9937064
127799,0.9974335
586554,0.031337455
980217,0.052610215
488317,0.9854269
967837,0.9888469
490889,0.009968368
924400,0.02683898
155212,0.8067678
866950,0.99851173
718061,0.051537324
756550,0.88189054
943519,0.003324601
478781,0.0008715334
137247,0.015615215
299502,0.99664044
995536,0.0022887657
916359,0.0037523466
539995,0.98129106
299758,0.80296254
721837,0.90764123
207227,0.0070194923
262316,0.003860467
765476,0.019535901
617014,0.9981896
338895,2.176442e-05
595293,0.00784425
466173,0.99728477
545669,0.9871394
979840,0.077917784
320953,0.9899946
902782,0.9969795
731790,0.84281605
906071,0.9801594
329364,0.98530847
907617,0.004105199
396210,0.011450123
388527,0.05418933
267854,0.0039371178
806157,0.0015862671
318520,0.02501126
931767,0.05323338
374292,0.0012851103
451592,0.27047953
450532,0.008066321
247948,0.0047947965
782661,0.0031332597
714606,0.0012430394
742061,0.8529621
245166,0.00760253
509877,0.002428524
123375,0.0013859054
791507,0.96596277
529502,0.9984705
852548,0.0002895747
293425,0.00022839473
361230,0.0002895747
416854,0.0023459597
517293,0.00044198963
304649,0.00040716518
333612,0.012366138
607275,0.002236332
508037,0.00039724377
106613,0.00036525956
536292,0.00083482254
339564,0.0013859054
725852,0.0012851103
435464,0.001143547
247368,0.00076262304
324736,0.0012450786
272429,0.0007593145
794040,0.0013276424
145890,0.0011883797
766077,0.0012900893
785441,0.9152739
148775,0.14939812
236885,2.1801645e-05
508151,0.0012851103
384951,0.028568346
549366,0.07188232
446136,0.99751616
170146,0.99730885
851270,0.99726593
803248,0.99615026
104271,0.99684477
788646,0.9980373
286581,0.9970594
495355,0.9970594
482478,0.99726593
268582,0.99726593
322460,0.99791116
165101,0.99791116
639922,0.96352303
140126,0.99730885
171133,0.99726593
718916,0.9977303
113482,0.9975591
914104,0.9976699
295937,0.32113945
919039,0.00054147694
103472,0.00054147694
359200,0.00042968948
679504,0.00022808832
218129,0.00062853657
547969,0.0006100444
963376,0.00064622884
672347,0.0006100444
362647,0.0017361026
236663,0.0011276691
735984,0.985808
923922,0.18543716
279683,0.00024247846
318598,0.052669596
838242,0.873081
908313,0.9619512
872278,0.9974778
183693,0.99803203
495394,0.0002920495
648382,0.0002920495
417676,0.9659656
996482,0.010838726
145192,0.0013859054
935406,0.9276098
930474,0.0006736109
861525,0.01027422
124961,0.0034921435
680423,0.99193573
949066,0.0015539823
535984,0.9871797
228200,0.009640306
515069,0.008583067
603298,0.013116277
920595,0.001285347
406765,0.9989411
503076,0.96872306
743653,0.9989189
584086,0.07130233
518920,0.06280584
811147,0.99548906
137682,0.9992173
894949,0.99593264
444605,0.9992173
978667,0.9997199
483788,0.9997199
248271,0.9997199
397382,0.0006764666
753916,0.009482362
242312,0.061003245
410326,0.7942423
890732,0.93908584
252154,0.00799126
930689,0.9984189
511732,0.0012174961
836297,0.00055476325
853011,0.0005524389
950781,0.0026443477
811104,0.0009006432
593696,0.9563679
391235,0.9981912
506971,0.0009768677
523798,0.0016413954
950920,0.953608
647593,0.07313115
110163,0.99656326
215459,0.0007638129
702032,0.9986755
956561,0.13274732
268447,0.0069442885
162406,0.9383034
730998,0.009418571
289647,0.94035816
247236,0.9666249
733365,0.8090532
977545,0.027043352
625625,0.9521787
197939,0.9855444
625152,0.011405692
602892,0.0047979164
217399,0.9977416
645636,0.6049333
889773,0.98346174
153517,0.12981153
607381,0.0008527897
816161,0.110684715
194440,0.016787142
859335,0.016787142
521570,0.77225703
325063,0.0009654091
446885,0.0005532688
428353,0.002066286
453032,0.00086011103
162851,0.0011081178
954461,0.0017854985
891767,0.00097302214
403051,0.0008255666
691744,0.033033192
462569,0.053031497
308624,0.11115793
459290,0.80191827
848930,0.9825163
490146,0.9886303
843676,0.0028981778
292698,0.0011854402
562239,0.0011360749
683296,0.0009073755
848299,0.9747643
513844,0.0024195565
825463,0.0043733516
834192,0.020647787
554906,0.009739222
688433,0.013301389
400884,0.002975972
489187,0.0020872024
241634,0.0022981153
987551,0.0025667483
775055,0.044860344
488823,0.001098932
224546,0.14286561
473093,0.0907278
691284,0.99901867
218330,0.0022494069
140613,0.85847384
605091,0.0055992524
717321,0.9949285
384469,0.93333846
693159,0.98284334
725421,0.9834427
107417,0.99515307
342924,0.99576426
538547,0.96031207
404721,0.060800012
636730,0.09314588
623769,0.18438758
707983,0.114007585
753215,0.9835331
646619,0.087442026
992878,0.17668696
620926,0.9864443
722028,0.007093734
610610,0.98215646
492584,0.0005527091
679430,0.0004631973
846204,0.99679047
833917,0.6211089
482571,0.8052751
979013,0.03988525
833550,0.011450123
242014,0.0018650744
596231,0.022719784
771810,0.98599327
683388,0.9898968
209295,0.0017665749
260668,0.9695141
752627,0.9897821
822532,0.0049861977
723599,0.013025137
658689,0.0071740216
453350,0.9607511
221265,0.011224703
669941,0.9798471
472194,0.0009146346
344105,0.0011434474
730564,0.004153456
499204,0.00062049006
761954,0.001176984
449247,0.0014417801
113158,0.0012221303
988161,0.0008162888
816586,0.0008162888
947536,0.00081480556
626226,0.00081480556
380993,0.00081480556
889123,0.001143547
133458,0.001143547
468178,0.001143547
450342,0.07023051
743708,0.06163526
496467,0.060135514
412429,0.060527515
330893,0.015254072
575666,0.005313752
781494,0.0056406516
425838,0.9945984
490918,0.013264098
